horodatage,camera,zone,image,identifiant,statut,alerte,x_relatif,y_relatif,hauteur_relative,confiance_personne,conf_helmet,conf_glasses,conf_gloves,conf_safety-vest
2026-08-10T07:00:00,CAM-01,Acces chantier,10810476_0000.jpg,3,surveillee,0,0.2972,0.5634,0.5918,0.9098,0.8502,0.0,0.4903,0.7222
2026-08-10T07:00:00,CAM-01,Acces chantier,10810476_0000.jpg,4,surveillee,0,0.7659,0.4719,0.5521,0.9084,0.8891,0.0,0.4854,0.9506
2026-08-10T07:00:00,CAM-01,Acces chantier,10810476_0000.jpg,6,surveillee,0,0.6829,0.3284,0.2597,0.8669,0.5789,0.0,0.606,0.9726
2026-08-10T07:00:00,CAM-01,Acces chantier,10810476_0000.jpg,9,surveillee,1,0.4632,0.5904,0.6674,0.827,0.0,0.0,0.7098,0.4248
2026-08-10T07:00:00,CAM-01,Acces chantier,10810476_0000.jpg,18,hors_perimetre,0,0.2264,0.2851,0.1159,0.7293,0.0,0.0,0.0,0.0
2026-08-10T07:00:00,CAM-01,Acces chantier,10810476_0000.jpg,22,hors_perimetre,0,0.2445,0.0774,0.1182,0.7058,0.0,0.0,0.0,0.0
2026-08-10T07:00:00,CAM-01,Acces chantier,10810476_0000.jpg,23,surveillee,1,0.6024,0.35,0.2637,0.7019,0.0,0.0,0.0,0.0
2026-08-10T07:00:00,CAM-01,Acces chantier,10810476_0000.jpg,43,surveillee,1,0.5838,0.353,0.2539,0.3687,0.0,0.0,0.0,0.6618
2026-08-10T07:00:00,CAM-01,Acces chantier,10810476_0000.jpg,44,surveillee,1,0.5934,0.354,0.263,0.352,0.1842,0.0,0.0,0.1103
2026-08-10T07:00:00,CAM-01,Acces chantier,10810476_0000.jpg,47,hors_perimetre,0,0.3668,0.3193,0.1328,0.2732,0.0,0.0,0.0,0.0
2026-08-10T07:00:00,CAM-01,Acces chantier,10810476_0000.jpg,50,hors_perimetre,0,0.244,0.0576,0.0767,0.2472,0.0,0.0,0.0,0.0
2026-08-10T07:00:00,CAM-01,Acces chantier,10810476_0000.jpg,51,hors_perimetre,0,0.577,0.3207,0.1611,0.2369,0.0,0.0,0.0,0.1337
2026-08-10T07:00:00,CAM-01,Acces chantier,10810476_0000.jpg,53,hors_perimetre,0,0.5601,0.3288,0.1515,0.2251,0.0,0.0,0.0,0.0
2026-08-10T07:00:00,CAM-01,Acces chantier,10810476_0000.jpg,56,surveillee,1,0.3667,0.3621,0.2201,0.187,0.0,0.0,0.0,0.0
2026-08-10T07:00:00,CAM-01,Acces chantier,10810476_0000.jpg,64,surveillee,1,0.3678,0.419,0.3325,0.1399,0.0,0.0,0.0,0.0
2026-08-10T07:00:00,CAM-01,Acces chantier,10810476_0000.jpg,69,hors_perimetre,0,0.4189,0.3538,0.1834,0.1161,0.9488,0.0,0.0,0.0
2026-08-10T07:00:00,CAM-01,Acces chantier,10810476_0000.jpg,72,surveillee,1,0.2275,0.3385,0.2207,0.1035,0.0,0.0,0.0,0.0
2026-08-10T08:26:21,CAM-02,Zone de levage,10810476_0015.jpg,3,surveillee,0,0.7472,0.3141,0.2726,0.9016,0.6512,0.0,0.7374,0.7879
2026-08-10T08:26:21,CAM-02,Zone de levage,10810476_0015.jpg,5,surveillee,0,0.837,0.4999,0.6121,0.8718,0.9388,0.0,0.3293,0.8625
2026-08-10T08:26:21,CAM-02,Zone de levage,10810476_0015.jpg,7,surveillee,0,0.4932,0.6046,0.7416,0.8375,0.9417,0.0,0.0,0.2017
2026-08-10T08:26:21,CAM-02,Zone de levage,10810476_0015.jpg,9,surveillee,1,0.6407,0.336,0.2752,0.8349,0.1545,0.0,0.0,0.9347
2026-08-10T08:26:21,CAM-02,Zone de levage,10810476_0015.jpg,18,surveillee,1,0.3039,0.573,0.6488,0.7699,0.4641,0.0,0.0,0.1014
2026-08-10T08:26:21,CAM-02,Zone de levage,10810476_0015.jpg,21,hors_perimetre,0,0.2633,0.2691,0.1122,0.7079,0.0743,0.0,0.0,0.0
2026-08-10T08:26:21,CAM-02,Zone de levage,10810476_0015.jpg,29,hors_perimetre,0,0.2848,0.0742,0.1468,0.5103,0.0,0.0,0.0,0.0
2026-08-10T08:26:21,CAM-02,Zone de levage,10810476_0015.jpg,32,hors_perimetre,0,0.0094,0.3215,0.1951,0.4309,0.0,0.0,0.0,0.5551
2026-08-10T08:26:21,CAM-02,Zone de levage,10810476_0015.jpg,34,hors_perimetre,0,0.6101,0.2976,0.1191,0.4139,0.0,0.0,0.0,0.788
2026-08-10T08:26:21,CAM-02,Zone de levage,10810476_0015.jpg,35,hors_perimetre,0,0.2844,0.0451,0.0844,0.3482,0.0,0.0,0.0,0.0
2026-08-10T08:26:21,CAM-02,Zone de levage,10810476_0015.jpg,40,surveillee,0,0.4,0.3528,0.2293,0.2702,0.7025,0.0,0.8865,0.0
2026-08-10T08:26:21,CAM-02,Zone de levage,10810476_0015.jpg,41,hors_perimetre,0,0.4323,0.3545,0.1628,0.264,0.1263,0.0,0.5339,0.0
2026-08-10T08:26:21,CAM-02,Zone de levage,10810476_0015.jpg,43,hors_perimetre,0,0.6096,0.314,0.1635,0.2355,0.0,0.0,0.0,0.0
2026-08-10T08:26:21,CAM-02,Zone de levage,10810476_0015.jpg,44,hors_perimetre,0,0.4043,0.3292,0.1939,0.2313,0.0,0.0,0.0,0.0
2026-08-10T08:26:21,CAM-02,Zone de levage,10810476_0015.jpg,50,surveillee,1,0.405,0.3888,0.3223,0.1859,0.0,0.0,0.0,0.0
2026-08-10T08:26:21,CAM-02,Zone de levage,10810476_0015.jpg,51,hors_perimetre,0,0.2547,0.0643,0.1278,0.1765,0.0,0.0,0.0,0.0
2026-08-10T08:26:21,CAM-02,Zone de levage,10810476_0015.jpg,61,hors_perimetre,0,0.2573,0.2867,0.0789,0.1416,0.0,0.0,0.0,0.0
2026-08-10T08:26:21,CAM-02,Zone de levage,10810476_0015.jpg,62,surveillee,1,0.4025,0.4919,0.5239,0.1298,0.0,0.0,0.0,0.0
2026-08-10T08:26:21,CAM-02,Zone de levage,10810476_0015.jpg,63,hors_perimetre,0,0.602,0.3265,0.1867,0.1264,0.0,0.0,0.0,0.0
2026-08-10T08:26:21,CAM-02,Zone de levage,10810476_0015.jpg,65,surveillee,1,0.6136,0.3369,0.2452,0.1241,0.0,0.0,0.0,0.0
2026-08-10T09:52:42,CAM-03,Coffrage niveau 2,10810476_0030.jpg,3,surveillee,0,0.9012,0.4825,0.7033,0.8924,0.8782,0.0,0.1535,0.1685
2026-08-10T09:52:42,CAM-03,Coffrage niveau 2,10810476_0030.jpg,4,surveillee,1,0.0285,0.3265,0.2019,0.8881,0.0,0.0,0.0,0.9157
2026-08-10T09:52:42,CAM-03,Coffrage niveau 2,10810476_0030.jpg,15,surveillee,0,0.5532,0.5928,0.8079,0.8144,0.9135,0.0,0.0,0.2241
2026-08-10T09:52:42,CAM-03,Coffrage niveau 2,10810476_0030.jpg,16,surveillee,1,0.6998,0.3354,0.2806,0.8052,0.3312,0.0,0.0,0.9523
2026-08-10T09:52:42,CAM-03,Coffrage niveau 2,10810476_0030.jpg,21,surveillee,1,0.8038,0.4232,0.5208,0.6617,0.0,0.0,0.0,0.0
2026-08-10T09:52:42,CAM-03,Coffrage niveau 2,10810476_0030.jpg,23,surveillee,1,0.3307,0.575,0.7176,0.6427,0.1259,0.0,0.0,0.0
2026-08-10T09:52:42,CAM-03,Coffrage niveau 2,10810476_0030.jpg,25,hors_perimetre,0,0.3293,0.0736,0.1426,0.6221,0.0,0.0,0.0,0.0
2026-08-10T09:52:42,CAM-03,Coffrage niveau 2,10810476_0030.jpg,26,surveillee,0,0.4411,0.3504,0.2581,0.5872,0.818,0.0,0.8456,0.0
2026-08-10T09:52:42,CAM-03,Coffrage niveau 2,10810476_0030.jpg,30,hors_perimetre,0,0.3006,0.2645,0.103,0.5137,0.0,0.0,0.0,0.0
2026-08-10T09:52:42,CAM-03,Coffrage niveau 2,10810476_0030.jpg,33,hors_perimetre,0,0.4911,0.3663,0.1412,0.3799,0.0,0.0,0.3229,0.0
2026-08-10T09:52:42,CAM-03,Coffrage niveau 2,10810476_0030.jpg,35,surveillee,0,0.8038,0.3193,0.3125,0.3734,0.7644,0.0,0.1536,0.8607
2026-08-10T09:52:42,CAM-03,Coffrage niveau 2,10810476_0030.jpg,37,hors_perimetre,0,0.6497,0.3458,0.1937,0.3522,0.0,0.0,0.0,0.1567
2026-08-10T09:52:42,CAM-03,Coffrage niveau 2,10810476_0030.jpg,49,hors_perimetre,0,0.3284,0.0406,0.0722,0.1826,0.0,0.0,0.0,0.2536
2026-08-10T09:52:42,CAM-03,Coffrage niveau 2,10810476_0030.jpg,61,hors_perimetre,0,0.6493,0.3309,0.1523,0.1319,0.0,0.0,0.0,0.5403
2026-08-10T09:52:42,CAM-03,Coffrage niveau 2,10810476_0030.jpg,69,surveillee,1,0.4117,0.3595,0.2875,0.098,0.0,0.0,0.0,0.0
2026-08-10T11:19:03,CAM-04,Aire de stockage,10810476_0045.jpg,5,surveillee,0,0.8612,0.5176,0.7705,0.8976,0.9498,0.0,0.8263,0.9775
2026-08-10T11:19:03,CAM-04,Aire de stockage,10810476_0045.jpg,6,surveillee,1,0.3057,0.6064,0.7872,0.8842,0.0,0.0,0.0,0.0
2026-08-10T11:19:03,CAM-04,Aire de stockage,10810476_0045.jpg,13,surveillee,1,0.692,0.3483,0.2964,0.8387,0.4113,0.0,0.0,0.9283
2026-08-10T11:19:03,CAM-04,Aire de stockage,10810476_0045.jpg,14,surveillee,0,0.4511,0.3379,0.2632,0.8368,0.9402,0.0,0.5898,0.0
2026-08-10T11:19:03,CAM-04,Aire de stockage,10810476_0045.jpg,19,surveillee,0,0.5573,0.5698,0.859,0.7443,0.8825,0.0,0.8742,0.7461
2026-08-10T11:19:03,CAM-04,Aire de stockage,10810476_0045.jpg,24,hors_perimetre,0,0.3089,0.0762,0.1376,0.607,0.0,0.0,0.0,0.0
2026-08-10T11:19:03,CAM-04,Aire de stockage,10810476_0045.jpg,34,surveillee,1,0.3478,0.3377,0.243,0.2828,0.2421,0.0,0.1404,0.0
2026-08-10T11:19:03,CAM-04,Aire de stockage,10810476_0045.jpg,37,hors_perimetre,0,0.3082,0.0506,0.0643,0.2312,0.0,0.0,0.0,0.3396
2026-08-10T11:19:03,CAM-04,Aire de stockage,10810476_0045.jpg,41,hors_perimetre,0,0.6502,0.2831,0.0457,0.15,0.0,0.0,0.0,0.0
2026-08-10T11:19:03,CAM-04,Aire de stockage,10810476_0045.jpg,42,hors_perimetre,0,0.654,0.321,0.1264,0.1497,0.0,0.0,0.0,0.0991
2026-08-10T11:19:03,CAM-04,Aire de stockage,10810476_0045.jpg,43,hors_perimetre,0,0.6663,0.3087,0.1245,0.1415,0.0,0.0,0.0,0.0
2026-08-10T11:19:03,CAM-04,Aire de stockage,10810476_0045.jpg,47,hors_perimetre,0,0.2779,0.0582,0.1163,0.1121,0.0,0.0,0.0,0.0
2026-08-10T12:45:25,CAM-01,Acces chantier,10810476_0060.jpg,10,surveillee,0,0.8972,0.5566,0.8862,0.8491,0.8968,0.0,0.0,0.9023
2026-08-10T12:45:25,CAM-01,Acces chantier,10810476_0060.jpg,14,hors_perimetre,0,0.0748,0.3441,0.199,0.8102,0.1802,0.0,0.0,0.8096
2026-08-10T12:45:25,CAM-01,Acces chantier,10810476_0060.jpg,19,surveillee,0,0.3921,0.6039,0.7923,0.7625,0.8611,0.0,0.0,0.1715
2026-08-10T12:45:25,CAM-01,Acces chantier,10810476_0060.jpg,21,surveillee,0,0.7558,0.5581,0.8828,0.6189,0.9071,0.0,0.2998,0.4554
2026-08-10T12:45:25,CAM-01,Acces chantier,10810476_0060.jpg,23,hors_perimetre,0,0.3834,0.0805,0.1323,0.5962,0.0,0.0,0.0,0.0
2026-08-10T12:45:25,CAM-01,Acces chantier,10810476_0060.jpg,25,surveillee,1,0.5349,0.3455,0.2846,0.5789,0.0,0.0,0.0,0.0
2026-08-10T12:45:25,CAM-01,Acces chantier,10810476_0060.jpg,48,hors_perimetre,0,0.3843,0.056,0.0673,0.124,0.0,0.0,0.0,0.1188
2026-08-10T12:45:25,CAM-01,Acces chantier,10810476_0060.jpg,55,surveillee,1,0.5018,0.3492,0.2881,0.0996,0.0,0.0,0.9003,0.0
2026-08-10T14:11:46,CAM-02,Zone de levage,10810476_0075.jpg,1,surveillee,0,0.9387,0.49,0.6896,0.9133,0.7655,0.0,0.0,0.5347
2026-08-10T14:11:46,CAM-02,Zone de levage,10810476_0075.jpg,8,surveillee,1,0.0335,0.3596,0.2124,0.8241,0.0,0.0,0.0,0.9221
2026-08-10T14:11:46,CAM-02,Zone de levage,10810476_0075.jpg,13,surveillee,0,0.3899,0.4789,0.6529,0.7063,0.8802,0.0,0.534,0.1293
2026-08-10T14:11:46,CAM-02,Zone de levage,10810476_0075.jpg,14,surveillee,0,0.8218,0.5023,0.8291,0.6869,0.9022,0.0,0.0,0.0
2026-08-10T14:11:46,CAM-02,Zone de levage,10810476_0075.jpg,21,hors_perimetre,0,0.357,0.0884,0.1302,0.4153,0.0,0.0,0.0,0.0947
2026-08-10T14:11:46,CAM-02,Zone de levage,10810476_0075.jpg,28,surveillee,1,0.7339,0.3901,0.3993,0.2412,0.0,0.0,0.2001,0.0
2026-08-10T14:11:46,CAM-02,Zone de levage,10810476_0075.jpg,37,surveillee,1,0.8372,0.5851,0.6188,0.1234,0.0,0.0,0.0,0.4307
2026-08-10T14:11:46,CAM-02,Zone de levage,10810476_0075.jpg,41,surveillee,1,0.7277,0.5138,0.6657,0.1014,0.0,0.0,0.0,0.0
2026-08-10T15:38:07,CAM-03,Coffrage niveau 2,10810476_0090.jpg,2,surveillee,0,0.6649,0.5341,0.9156,0.9163,0.9151,0.2358,0.2521,0.2093
2026-08-10T15:38:07,CAM-03,Coffrage niveau 2,10810476_0090.jpg,5,surveillee,0,0.8375,0.523,0.9529,0.8932,0.9084,0.0,0.0,0.2183
2026-08-10T15:38:07,CAM-03,Coffrage niveau 2,10810476_0090.jpg,10,surveillee,0,0.4068,0.3649,0.3628,0.8441,0.9454,0.0,0.8167,0.0
2026-08-10T15:38:07,CAM-03,Coffrage niveau 2,10810476_0090.jpg,15,surveillee,0,0.2807,0.5327,0.9089,0.7125,0.9304,0.0,0.0,0.1636
2026-08-10T15:38:07,CAM-03,Coffrage niveau 2,10810476_0090.jpg,19,hors_perimetre,0,0.2827,0.099,0.1491,0.5786,0.0,0.0,0.0,0.0
2026-08-10T15:38:07,CAM-03,Coffrage niveau 2,10810476_0090.jpg,20,hors_perimetre,0,0.6338,0.3328,0.0869,0.5381,0.116,0.0,0.0,0.0
2026-08-10T17:04:29,CAM-04,Aire de stockage,10810476_0105.jpg,1,surveillee,0,0.6405,0.5207,0.957,0.9348,0.9086,0.0926,0.8676,0.0
2026-08-10T17:04:29,CAM-04,Aire de stockage,10810476_0105.jpg,2,tete_hors_champ,0,0.8531,0.4999,0.9998,0.9128,0.985,0.1874,0.0,0.5331
2026-08-10T17:04:29,CAM-04,Aire de stockage,10810476_0105.jpg,12,surveillee,0,0.4431,0.4022,0.4443,0.8647,0.8985,0.0,0.8815,0.0836
2026-08-10T17:04:29,CAM-04,Aire de stockage,10810476_0105.jpg,18,surveillee,1,0.0147,0.3811,0.2309,0.7227,0.3583,0.0,0.0,0.6064
2026-08-10T17:04:29,CAM-04,Aire de stockage,10810476_0105.jpg,19,surveillee,0,0.2213,0.5093,0.9487,0.695,0.8836,0.0,0.1462,0.1428
2026-08-10T17:04:29,CAM-04,Aire de stockage,10810476_0105.jpg,24,hors_perimetre,0,0.3232,0.1151,0.1512,0.5416,0.2346,0.0,0.0,0.0753
2026-08-10T17:04:29,CAM-04,Aire de stockage,10810476_0105.jpg,46,surveillee,1,0.0221,0.3796,0.2323,0.1187,0.0,0.0,0.0,0.0
2026-08-11T07:30:50,CAM-01,Acces chantier,10810476_0120.jpg,4,tete_hors_champ,0,0.8337,0.4986,0.9972,0.9043,0.9853,0.2257,0.0,0.1711
2026-08-11T07:30:50,CAM-01,Acces chantier,10810476_0120.jpg,6,surveillee,0,0.2344,0.4827,0.9362,0.8955,0.9425,0.0,0.0,0.0
2026-08-11T07:30:50,CAM-01,Acces chantier,10810476_0120.jpg,13,surveillee,0,0.6466,0.4709,0.8972,0.8401,0.9339,0.0,0.8714,0.1536
2026-08-11T07:30:50,CAM-01,Acces chantier,10810476_0120.jpg,18,surveillee,0,0.4313,0.4171,0.4643,0.781,0.9456,0.0,0.8637,0.3128
2026-08-11T07:30:50,CAM-01,Acces chantier,10810476_0120.jpg,22,surveillee,1,0.0355,0.388,0.2262,0.7291,0.2706,0.0,0.0,0.8119
2026-08-11T07:30:50,CAM-01,Acces chantier,10810476_0120.jpg,25,hors_perimetre,0,0.3324,0.1163,0.1237,0.4995,0.0,0.0,0.0,0.0
2026-08-11T07:30:50,CAM-01,Acces chantier,10810476_0120.jpg,28,hors_perimetre,0,0.3155,0.3343,0.1093,0.3239,0.0952,0.0,0.0,0.1044
2026-08-11T07:30:50,CAM-01,Acces chantier,10810476_0120.jpg,38,hors_perimetre,0,0.2883,0.3035,0.1717,0.1894,0.0964,0.0,0.0,0.0
2026-08-11T07:30:50,CAM-01,Acces chantier,10810476_0120.jpg,44,hors_perimetre,0,0.3328,0.094,0.0774,0.1436,0.0,0.0,0.0,0.1802
2026-08-11T07:30:50,CAM-01,Acces chantier,10810476_0120.jpg,47,surveillee,1,0.1283,0.5281,0.5973,0.1202,0.0,0.0,0.0,0.0
2026-08-11T07:30:50,CAM-01,Acces chantier,10810476_0120.jpg,55,surveillee,1,0.0266,0.387,0.2275,0.0899,0.0,0.0,0.0,0.0
2026-08-11T07:30:50,CAM-01,Acces chantier,10810476_0120.jpg,59,surveillee,1,0.0128,0.389,0.2295,0.0759,0.0,0.0,0.0,0.0
2026-08-11T08:57:11,CAM-02,Zone de levage,10810476_0135.jpg,2,surveillee,0,0.2387,0.4717,0.8902,0.9219,0.9476,0.0,0.0,0.0
2026-08-11T08:57:11,CAM-02,Zone de levage,10810476_0135.jpg,4,surveillee,0,0.6737,0.4899,0.942,0.9155,0.9165,0.0843,0.6952,0.0
2026-08-11T08:57:11,CAM-02,Zone de levage,10810476_0135.jpg,5,surveillee,0,0.4448,0.4022,0.4332,0.9071,0.8833,0.0,0.9254,0.2285
2026-08-11T08:57:11,CAM-02,Zone de levage,10810476_0135.jpg,17,surveillee,1,0.0641,0.4152,0.2436,0.8138,0.0,0.0,0.0,0.5837
2026-08-11T08:57:11,CAM-02,Zone de levage,10810476_0135.jpg,20,hors_perimetre,0,0.3414,0.1292,0.1269,0.7074,0.0,0.0,0.0,0.0
2026-08-11T08:57:11,CAM-02,Zone de levage,10810476_0135.jpg,22,tete_hors_champ,0,0.9143,0.4958,0.9916,0.6666,0.7677,0.533,0.0,0.1607
2026-08-11T08:57:11,CAM-02,Zone de levage,10810476_0135.jpg,29,hors_perimetre,0,0.3218,0.3495,0.11,0.4912,0.0,0.0,0.0,0.0
2026-08-11T08:57:11,CAM-02,Zone de levage,10810476_0135.jpg,35,hors_perimetre,0,0.5156,0.3776,0.0971,0.1692,0.0,0.0,0.0,0.0
2026-08-11T08:57:11,CAM-02,Zone de levage,10810476_0135.jpg,36,hors_perimetre,0,0.516,0.3696,0.0809,0.1618,0.0,0.0,0.0,0.0
2026-08-11T08:57:11,CAM-02,Zone de levage,10810476_0135.jpg,46,surveillee,1,0.1436,0.5539,0.6228,0.0931,0.0,0.0,0.0,0.1403
2026-08-11T10:23:33,CAM-03,Coffrage niveau 2,10810476_0150.jpg,3,surveillee,0,0.2418,0.5005,0.9177,0.9122,0.9368,0.0,0.0,0.1908
2026-08-11T10:23:33,CAM-03,Coffrage niveau 2,10810476_0150.jpg,12,surveillee,0,0.6902,0.5008,0.9498,0.8832,0.9144,0.4342,0.5156,0.4442
2026-08-11T10:23:33,CAM-03,Coffrage niveau 2,10810476_0150.jpg,15,surveillee,0,0.435,0.4315,0.4962,0.8716,0.9322,0.0,0.8973,0.2791
2026-08-11T10:23:33,CAM-03,Coffrage niveau 2,10810476_0150.jpg,20,surveillee,0,0.8465,0.5482,0.8152,0.8237,0.791,0.1559,0.5441,0.0
2026-08-11T10:23:33,CAM-03,Coffrage niveau 2,10810476_0150.jpg,25,tete_hors_champ,0,0.9395,0.4979,0.9958,0.5323,0.872,0.2137,0.0,0.1111
2026-08-11T10:23:33,CAM-03,Coffrage niveau 2,10810476_0150.jpg,27,hors_perimetre,0,0.3349,0.148,0.1395,0.485,0.0,0.0,0.0,0.0
2026-08-11T10:23:33,CAM-03,Coffrage niveau 2,10810476_0150.jpg,29,hors_perimetre,0,0.3029,0.3666,0.0995,0.4666,0.0,0.0,0.0,0.0
2026-08-11T10:23:33,CAM-03,Coffrage niveau 2,10810476_0150.jpg,31,hors_perimetre,0,0.3271,0.3601,0.1061,0.4586,0.0,0.0,0.0,0.0
2026-08-11T10:23:33,CAM-03,Coffrage niveau 2,10810476_0150.jpg,37,hors_perimetre,0,0.3305,0.3652,0.0952,0.3017,0.0,0.0,0.0,0.1205
2026-08-11T10:23:33,CAM-03,Coffrage niveau 2,10810476_0150.jpg,40,tete_hors_champ,0,0.9065,0.4974,0.9948,0.2673,0.0,0.0,0.0,0.0
2026-08-11T10:23:33,CAM-03,Coffrage niveau 2,10810476_0150.jpg,44,hors_perimetre,0,0.3099,0.3613,0.1039,0.2205,0.0,0.0,0.0,0.0
2026-08-11T11:49:54,CAM-04,Aire de stockage,10810476_0165.jpg,3,surveillee,0,0.2435,0.5093,0.9576,0.9171,0.8904,0.0,0.2239,0.1573
2026-08-11T11:49:54,CAM-04,Aire de stockage,10810476_0165.jpg,9,surveillee,0,0.3884,0.4196,0.4853,0.8913,0.9258,0.0,0.8625,0.754
2026-08-11T11:49:54,CAM-04,Aire de stockage,10810476_0165.jpg,18,surveillee,0,0.6471,0.4872,0.9549,0.8245,0.8997,0.4178,0.3459,0.4066
2026-08-11T11:49:54,CAM-04,Aire de stockage,10810476_0165.jpg,22,tete_hors_champ,0,0.9004,0.4997,0.9995,0.6765,0.8497,0.6241,0.9643,0.1573
2026-08-11T11:49:54,CAM-04,Aire de stockage,10810476_0165.jpg,35,tete_hors_champ,0,0.9344,0.4999,0.9998,0.2719,0.0,0.0,0.0,0.0
2026-08-11T13:16:15,CAM-01,Acces chantier,10810476_0180.jpg,2,tete_hors_champ,0,0.2442,0.5,1.0,0.9371,0.8505,0.0,0.0,0.0
2026-08-11T13:16:15,CAM-01,Acces chantier,10810476_0180.jpg,3,tete_hors_champ,0,0.7074,0.4907,0.9814,0.9218,0.9529,0.6957,0.0,0.0921
2026-08-11T13:16:15,CAM-01,Acces chantier,10810476_0180.jpg,10,surveillee,0,0.4001,0.4303,0.5006,0.8393,0.9575,0.0,0.8913,0.1699
2026-08-11T13:16:15,CAM-01,Acces chantier,10810476_0180.jpg,27,surveillee,1,0.8979,0.4444,0.3338,0.2857,0.0,0.0,0.0,0.0
2026-08-11T13:16:15,CAM-01,Acces chantier,10810476_0180.jpg,28,hors_perimetre,0,0.3154,0.1548,0.1259,0.2673,0.0,0.0,0.0,0.0
2026-08-11T13:16:15,CAM-01,Acces chantier,10810476_0180.jpg,29,hors_perimetre,0,0.2899,0.3718,0.1082,0.2354,0.1055,0.0,0.0,0.0
2026-08-11T13:16:15,CAM-01,Acces chantier,10810476_0180.jpg,33,surveillee,0,0.8988,0.5378,0.5168,0.1674,0.5507,0.0,0.8044,0.0
2026-08-11T13:16:15,CAM-01,Acces chantier,10810476_0180.jpg,38,tete_hors_champ,0,0.9829,0.4859,0.968,0.1295,0.0,0.0,0.0,0.0
2026-08-11T13:16:15,CAM-01,Acces chantier,10810476_0180.jpg,43,surveillee,1,0.975,0.5009,0.9921,0.1037,0.0,0.0,0.0,0.0
2026-08-11T13:16:15,CAM-01,Acces chantier,10810476_0180.jpg,45,tete_hors_champ,0,0.9605,0.498,0.996,0.0941,0.0,0.0,0.0,0.0
2026-08-11T14:42:37,CAM-02,Zone de levage,10810476_0195.jpg,0,tete_hors_champ,0,0.7952,0.4988,0.9932,0.9639,0.7784,0.6605,0.0,0.2188
2026-08-11T14:42:37,CAM-02,Zone de levage,10810476_0195.jpg,1,tete_hors_champ,0,0.3265,0.5,1.0,0.9161,0.2115,0.1466,0.0,0.2128
2026-08-11T14:42:37,CAM-02,Zone de levage,10810476_0195.jpg,10,surveillee,0,0.513,0.4626,0.5487,0.787,0.8913,0.0,0.8842,0.0
2026-08-11T14:42:37,CAM-02,Zone de levage,10810476_0195.jpg,18,hors_perimetre,0,0.403,0.3851,0.0976,0.4978,0.2253,0.0,0.0,0.0
2026-08-11T14:42:37,CAM-02,Zone de levage,10810476_0195.jpg,21,hors_perimetre,0,0.84,0.4032,0.1268,0.3153,0.0,0.0,0.0,0.0
2026-08-11T14:42:37,CAM-02,Zone de levage,10810476_0195.jpg,31,hors_perimetre,0,0.4403,0.1652,0.1296,0.1657,0.0,0.0,0.0,0.0
2026-08-11T14:42:37,CAM-02,Zone de levage,10810476_0195.jpg,34,hors_perimetre,0,0.0315,0.4323,0.1171,0.1512,0.0,0.0,0.0,0.0
2026-08-11T14:42:37,CAM-02,Zone de levage,10810476_0195.jpg,39,hors_perimetre,0,0.4209,0.3826,0.0952,0.0976,0.0,0.0,0.0,0.0
2026-08-11T14:42:37,CAM-02,Zone de levage,10810476_0195.jpg,41,hors_perimetre,0,0.4263,0.381,0.0953,0.0944,0.0,0.0,0.0,0.0
2026-08-11T16:08:58,CAM-03,Coffrage niveau 2,10810476_0210.jpg,0,tete_hors_champ,0,0.7961,0.5012,0.9948,0.9604,0.2033,0.539,0.0,0.0
2026-08-11T16:08:58,CAM-03,Coffrage niveau 2,10810476_0210.jpg,2,tete_hors_champ,0,0.2983,0.5,0.9973,0.9375,0.0,0.0,0.0,0.5669
2026-08-11T16:08:58,CAM-03,Coffrage niveau 2,10810476_0210.jpg,12,surveillee,0,0.4761,0.4373,0.6257,0.7817,0.9328,0.0,0.9413,0.1448
2026-08-11T16:08:58,CAM-03,Coffrage niveau 2,10810476_0210.jpg,15,hors_perimetre,0,0.8114,0.4231,0.1258,0.6093,0.0,0.0,0.0,0.0
2026-08-11T16:08:58,CAM-03,Coffrage niveau 2,10810476_0210.jpg,19,hors_perimetre,0,0.3161,0.3931,0.1119,0.4613,0.4941,0.0,0.0,0.0
2026-08-11T16:08:58,CAM-03,Coffrage niveau 2,10810476_0210.jpg,21,hors_perimetre,0,0.4167,0.1719,0.1284,0.376,0.0,0.0,0.0,0.0
2026-08-11T16:08:58,CAM-03,Coffrage niveau 2,10810476_0210.jpg,22,hors_perimetre,0,0.8007,0.4303,0.1613,0.3194,0.101,0.0,0.0,0.0
2026-08-11T16:08:58,CAM-03,Coffrage niveau 2,10810476_0210.jpg,27,hors_perimetre,0,0.3215,0.3897,0.1252,0.167,0.0,0.0,0.0,0.0
2026-08-11T16:08:58,CAM-03,Coffrage niveau 2,10810476_0210.jpg,33,hors_perimetre,0,0.7903,0.4453,0.1359,0.1072,0.0,0.0,0.0,0.0
2026-08-11T16:08:58,CAM-03,Coffrage niveau 2,10810476_0210.jpg,36,hors_perimetre,0,0.7896,0.4218,0.0782,0.0926,0.0,0.0,0.0,0.0
2026-08-11T16:08:58,CAM-03,Coffrage niveau 2,10810476_0210.jpg,39,hors_perimetre,0,0.37,0.3968,0.0929,0.0758,0.0,0.0,0.0,0.0
2026-08-11T17:35:19,CAM-04,Aire de stockage,10810476_0225.jpg,0,tete_hors_champ,0,0.7608,0.5011,0.9978,0.9712,0.0,0.6296,0.0,0.0894
2026-08-11T17:35:19,CAM-04,Aire de stockage,10810476_0225.jpg,6,tete_hors_champ,0,0.2477,0.4948,0.9895,0.8603,0.0,0.0,0.0,0.0
2026-08-11T17:35:19,CAM-04,Aire de stockage,10810476_0225.jpg,14,surveillee,0,0.3893,0.4417,0.788,0.6562,0.8139,0.0,0.8161,0.2366
2026-08-11T17:35:19,CAM-04,Aire de stockage,10810476_0225.jpg,16,hors_perimetre,0,0.7564,0.3962,0.0736,0.6088,0.0,0.0,0.0,0.0
2026-08-12T08:01:40,CAM-01,Acces chantier,10810476_0240.jpg,0,tete_hors_champ,0,0.7843,0.4902,0.9734,0.9431,0.0,0.548,0.0,0.2226
2026-08-12T08:01:40,CAM-01,Acces chantier,10810476_0240.jpg,6,surveillee,0,0.3327,0.3364,0.6625,0.848,0.9145,0.0,0.7453,0.0831
2026-08-12T08:01:40,CAM-01,Acces chantier,10810476_0240.jpg,12,hors_perimetre,0,0.7558,0.4218,0.1156,0.7115,0.0,0.0,0.0,0.0
2026-08-12T08:01:40,CAM-01,Acces chantier,10810476_0240.jpg,14,hors_perimetre,0,0.7863,0.4294,0.0995,0.6404,0.0,0.0,0.0,0.0
2026-08-12T08:01:40,CAM-01,Acces chantier,10810476_0240.jpg,18,tete_hors_champ,0,0.0727,0.4833,0.9666,0.3067,0.0,0.0,0.6397,0.0
2026-08-12T08:01:40,CAM-01,Acces chantier,10810476_0240.jpg,22,tete_hors_champ,0,0.123,0.4817,0.9635,0.1708,0.0,0.0,0.0,0.0
2026-08-12T09:28:02,CAM-02,Zone de levage,10810476_0255.jpg,0,tete_hors_champ,0,0.7775,0.4974,0.9877,0.9573,0.0,0.3309,0.0,0.1706
2026-08-12T09:28:02,CAM-02,Zone de levage,10810476_0255.jpg,5,tete_hors_champ,0,0.1407,0.4947,0.9894,0.8892,0.0,0.0,0.8868,0.5861
2026-08-12T09:28:02,CAM-02,Zone de levage,10810476_0255.jpg,10,surveillee,0,0.3258,0.3411,0.6455,0.8131,0.893,0.0,0.8875,0.4633
2026-08-12T09:28:02,CAM-02,Zone de levage,10810476_0255.jpg,18,hors_perimetre,0,0.7683,0.4146,0.0928,0.435,0.0,0.0,0.0,0.0
2026-08-12T09:28:02,CAM-02,Zone de levage,10810476_0255.jpg,27,hors_perimetre,0,0.3975,0.2004,0.1381,0.1554,0.0,0.0,0.0,0.0
2026-08-12T09:28:02,CAM-02,Zone de levage,10810476_0255.jpg,29,hors_perimetre,0,0.7684,0.406,0.0744,0.0728,0.0,0.0,0.0,0.0
2026-08-12T10:54:23,CAM-03,Coffrage niveau 2,10810476_0270.jpg,2,tete_hors_champ,0,0.8088,0.4914,0.9794,0.9437,0.0,0.0,0.0,0.0
2026-08-12T10:54:23,CAM-03,Coffrage niveau 2,10810476_0270.jpg,8,tete_hors_champ,0,0.188,0.4947,0.9894,0.7735,0.0,0.0,0.0,0.1601
2026-08-12T10:54:23,CAM-03,Coffrage niveau 2,10810476_0270.jpg,12,surveillee,0,0.3523,0.4807,0.8675,0.637,0.9462,0.0,0.8423,0.6261
2026-08-12T10:54:23,CAM-03,Coffrage niveau 2,10810476_0270.jpg,19,hors_perimetre,0,0.6437,0.4566,0.0974,0.4495,0.0,0.0,0.0,0.0
2026-08-12T10:54:23,CAM-03,Coffrage niveau 2,10810476_0270.jpg,26,hors_perimetre,0,0.4902,0.4145,0.1257,0.159,0.3194,0.0,0.0,0.3482
2026-08-12T10:54:23,CAM-03,Coffrage niveau 2,10810476_0270.jpg,28,hors_perimetre,0,0.806,0.4564,0.1514,0.1314,0.0,0.0,0.0,0.0
2026-08-12T10:54:23,CAM-03,Coffrage niveau 2,10810476_0270.jpg,31,hors_perimetre,0,0.8,0.4417,0.1245,0.1037,0.0,0.0,0.0,0.0
2026-08-12T12:20:44,CAM-04,Aire de stockage,10810476_0285.jpg,4,tete_hors_champ,0,0.2429,0.5,1.0,0.8995,0.0,0.0,0.8405,0.5534
2026-08-12T12:20:44,CAM-04,Aire de stockage,10810476_0285.jpg,6,tete_hors_champ,0,0.8359,0.4726,0.9452,0.8938,0.0,0.0,0.0,0.0
2026-08-12T12:20:44,CAM-04,Aire de stockage,10810476_0285.jpg,14,surveillee,0,0.3973,0.5282,0.9437,0.7688,0.9075,0.0,0.928,0.8738
2026-08-12T12:20:44,CAM-04,Aire de stockage,10810476_0285.jpg,18,hors_perimetre,0,0.8217,0.449,0.1352,0.6992,0.0,0.0,0.0,0.0
2026-08-12T12:20:44,CAM-04,Aire de stockage,10810476_0285.jpg,24,hors_perimetre,0,0.8559,0.4736,0.0729,0.2748,0.0,0.0,0.0,0.0
2026-08-12T12:20:44,CAM-04,Aire de stockage,10810476_0285.jpg,30,hors_perimetre,0,0.8352,0.8357,0.186,0.1578,0.0,0.0,0.0,0.0
2026-08-12T12:20:44,CAM-04,Aire de stockage,10810476_0285.jpg,31,surveillee,1,0.5668,0.472,0.2392,0.1464,0.4048,0.0,0.0,0.0
2026-08-12T12:20:44,CAM-04,Aire de stockage,10810476_0285.jpg,32,hors_perimetre,0,0.6811,0.4627,0.0867,0.1424,0.0,0.0,0.0,0.0
2026-08-12T12:20:44,CAM-04,Aire de stockage,10810476_0285.jpg,34,tete_hors_champ,0,0.9664,0.2767,0.5503,0.1239,0.0,0.161,0.0,0.133
2026-08-12T12:20:44,CAM-04,Aire de stockage,10810476_0285.jpg,38,hors_perimetre,0,0.6809,0.4614,0.0949,0.085,0.0,0.0,0.0,0.0
2026-08-12T13:47:06,CAM-01,Acces chantier,10810476_0300.jpg,0,tete_hors_champ,0,0.2432,0.5011,0.9978,0.9587,0.0,0.0,0.0,0.7485
2026-08-12T13:47:06,CAM-01,Acces chantier,10810476_0300.jpg,2,tete_hors_champ,0,0.8089,0.4594,0.9188,0.9414,0.0,0.7127,0.0,0.0808
2026-08-12T13:47:06,CAM-01,Acces chantier,10810476_0300.jpg,9,surveillee,0,0.3842,0.5084,0.9833,0.8354,0.7467,0.0,0.8714,0.0
2026-08-12T13:47:06,CAM-01,Acces chantier,10810476_0300.jpg,12,surveillee,1,0.6005,0.4819,0.244,0.7684,0.0,0.0,0.0,0.3931
2026-08-12T13:47:06,CAM-01,Acces chantier,10810476_0300.jpg,17,hors_perimetre,0,0.8263,0.4469,0.1234,0.6925,0.0,0.0,0.0,0.0
2026-08-12T13:47:06,CAM-01,Acces chantier,10810476_0300.jpg,18,hors_perimetre,0,0.8588,0.4506,0.1174,0.6779,0.0,0.0,0.0,0.0
2026-08-12T13:47:06,CAM-01,Acces chantier,10810476_0300.jpg,26,hors_perimetre,0,0.6751,0.4589,0.0996,0.372,0.0,0.0,0.0,0.0
2026-08-12T13:47:06,CAM-01,Acces chantier,10810476_0300.jpg,33,surveillee,1,0.3719,0.463,0.4451,0.1509,0.0,0.0,0.8887,0.5097
2026-08-12T13:47:06,CAM-01,Acces chantier,10810476_0300.jpg,44,hors_perimetre,0,0.8598,0.4402,0.0944,0.0748,0.0,0.0,0.0,0.0
2026-08-12T15:13:27,CAM-02,Zone de levage,10810476_0315.jpg,0,tete_hors_champ,0,0.763,0.4911,0.9782,0.9423,0.0,0.5958,0.0,0.0
2026-08-12T15:13:27,CAM-02,Zone de levage,10810476_0315.jpg,1,tete_hors_champ,0,0.205,0.5007,0.9986,0.9396,0.2397,0.0,0.893,0.5654
2026-08-12T15:13:27,CAM-02,Zone de levage,10810476_0315.jpg,6,surveillee,1,0.5877,0.4797,0.2323,0.8821,0.0,0.0,0.0,0.6996
2026-08-12T15:13:27,CAM-02,Zone de levage,10810476_0315.jpg,15,hors_perimetre,0,0.772,0.455,0.1404,0.6155,0.0,0.0,0.0,0.0
2026-08-12T15:13:27,CAM-02,Zone de levage,10810476_0315.jpg,17,hors_perimetre,0,0.7989,0.4457,0.1212,0.5856,0.0,0.0,0.0,0.0
2026-08-12T15:13:27,CAM-02,Zone de levage,10810476_0315.jpg,21,hors_perimetre,0,0.6305,0.4628,0.0912,0.3416,0.0,0.0,0.0,0.0
2026-08-12T15:13:27,CAM-02,Zone de levage,10810476_0315.jpg,27,hors_perimetre,0,0.4106,0.4208,0.1007,0.2464,0.14,0.0,0.0,0.0
2026-08-12T15:13:27,CAM-02,Zone de levage,10810476_0315.jpg,38,hors_perimetre,0,0.7987,0.4626,0.1529,0.0977,0.0,0.0,0.0,0.0
2026-08-12T15:13:27,CAM-02,Zone de levage,10810476_0315.jpg,42,surveillee,1,0.7975,0.4856,0.2071,0.0919,0.0,0.0,0.0,0.0
2026-08-12T15:13:27,CAM-02,Zone de levage,10810476_0315.jpg,45,hors_perimetre,0,0.7974,0.4426,0.0912,0.0781,0.0,0.0,0.0,0.0
2026-08-12T16:39:48,CAM-03,Coffrage niveau 2,10810476_0330.jpg,0,surveillee,1,0.6983,0.4983,0.984,0.9589,0.0,0.5622,0.0,0.2161
2026-08-12T16:39:48,CAM-03,Coffrage niveau 2,10810476_0330.jpg,9,surveillee,1,0.5535,0.4711,0.2319,0.8618,0.2413,0.0,0.0,0.8047
2026-08-12T16:39:48,CAM-03,Coffrage niveau 2,10810476_0330.jpg,14,tete_hors_champ,0,0.2139,0.5014,0.9973,0.7423,0.0,0.0,0.4184,0.0
2026-08-12T16:39:48,CAM-03,Coffrage niveau 2,10810476_0330.jpg,15,tete_hors_champ,0,0.1442,0.4899,0.9799,0.7419,0.0,0.0,0.0,0.2381
2026-08-12T16:39:48,CAM-03,Coffrage niveau 2,10810476_0330.jpg,19,hors_perimetre,0,0.6946,0.4776,0.1842,0.5442,0.0,0.0,0.0,0.0
2026-08-12T16:39:48,CAM-03,Coffrage niveau 2,10810476_0330.jpg,23,tete_hors_champ,0,0.2143,0.3495,0.6917,0.3528,0.8893,0.0,0.8794,0.8979
2026-08-12T16:39:48,CAM-03,Coffrage niveau 2,10810476_0330.jpg,31,hors_perimetre,0,0.7177,0.4437,0.1046,0.2122,0.0,0.0,0.0,0.0
2026-08-12T16:39:48,CAM-03,Coffrage niveau 2,10810476_0330.jpg,33,hors_perimetre,0,0.6939,0.4487,0.1212,0.1478,0.0,0.0,0.0,0.0
2026-08-12T16:39:48,CAM-03,Coffrage niveau 2,10810476_0330.jpg,34,hors_perimetre,0,0.7033,0.4477,0.1208,0.1408,0.0,0.0,0.0,0.0
2026-08-12T16:39:48,CAM-03,Coffrage niveau 2,10810476_0330.jpg,36,hors_perimetre,0,0.7168,0.4369,0.0809,0.1209,0.0,0.0,0.0,0.0
2026-08-12T16:39:48,CAM-03,Coffrage niveau 2,10810476_0330.jpg,42,hors_perimetre,0,0.7198,0.4561,0.0917,0.0794,0.0,0.0,0.0,0.0
2026-08-13T07:06:10,CAM-04,Aire de stockage,10810476_0345.jpg,0,tete_hors_champ,0,0.6815,0.4976,0.9877,0.9651,0.0,0.4428,0.0,0.7244
2026-08-13T07:06:10,CAM-04,Aire de stockage,10810476_0345.jpg,8,surveillee,0,0.5703,0.4566,0.2036,0.8225,0.4986,0.0,0.0,0.4339
2026-08-13T07:06:10,CAM-04,Aire de stockage,10810476_0345.jpg,11,surveillee,1,0.2199,0.5101,0.9527,0.7408,0.0,0.0,0.7694,0.0
2026-08-13T07:06:10,CAM-04,Aire de stockage,10810476_0345.jpg,13,surveillee,1,0.1296,0.5063,0.9874,0.6502,0.0,0.0,0.0,0.0934
2026-08-13T07:06:10,CAM-04,Aire de stockage,10810476_0345.jpg,20,surveillee,0,0.2184,0.3596,0.6498,0.495,0.8905,0.0,0.8809,0.5945
2026-08-13T07:06:10,CAM-04,Aire de stockage,10810476_0345.jpg,24,hors_perimetre,0,0.6656,0.4681,0.17,0.3488,0.0,0.0,0.0,0.0
2026-08-13T07:06:10,CAM-04,Aire de stockage,10810476_0345.jpg,25,hors_perimetre,0,0.6656,0.4406,0.1173,0.3194,0.0,0.0,0.0,0.0
2026-08-13T08:32:31,CAM-01,Acces chantier,10810476_0360.jpg,0,surveillee,1,0.6686,0.4991,0.9878,0.9637,0.0,0.2848,0.0,0.4556
2026-08-13T08:32:31,CAM-01,Acces chantier,10810476_0360.jpg,9,hors_perimetre,0,0.6516,0.4543,0.1614,0.8245,0.0,0.0,0.0,0.0
2026-08-13T08:32:31,CAM-01,Acces chantier,10810476_0360.jpg,11,tete_hors_champ,0,0.1225,0.4993,0.9977,0.7509,0.0,0.0,0.9435,0.0
2026-08-13T08:32:31,CAM-01,Acces chantier,10810476_0360.jpg,12,surveillee,0,0.2221,0.3488,0.6648,0.7331,0.9093,0.0,0.9457,0.2262
2026-08-13T08:32:31,CAM-01,Acces chantier,10810476_0360.jpg,14,surveillee,1,0.5928,0.447,0.2044,0.7228,0.0,0.0,0.0,0.0
2026-08-13T08:32:31,CAM-01,Acces chantier,10810476_0360.jpg,23,hors_perimetre,0,0.5927,0.4292,0.1622,0.2472,0.0,0.0,0.0,0.3779
2026-08-13T08:32:31,CAM-01,Acces chantier,10810476_0360.jpg,25,hors_perimetre,0,0.6506,0.4325,0.1127,0.2213,0.0,0.0,0.0,0.0
2026-08-13T09:58:52,CAM-02,Zone de levage,10810476_0375.jpg,0,tete_hors_champ,0,0.6712,0.4921,0.9814,0.9537,0.0,0.1037,0.0,0.1817
2026-08-13T09:58:52,CAM-02,Zone de levage,10810476_0375.jpg,11,surveillee,0,0.2182,0.3357,0.6589,0.8268,0.9435,0.0967,0.8904,0.4367
2026-08-13T09:58:52,CAM-02,Zone de levage,10810476_0375.jpg,12,tete_hors_champ,0,0.1198,0.501,0.9967,0.8122,0.0,0.0,0.9224,0.143
2026-08-13T09:58:52,CAM-02,Zone de levage,10810476_0375.jpg,22,hors_perimetre,0,0.6355,0.4205,0.1465,0.3423,0.4203,0.0,0.0,0.5471
2026-08-13T09:58:52,CAM-02,Zone de levage,10810476_0375.jpg,29,hors_perimetre,0,0.3039,0.2036,0.1509,0.0964,0.0,0.0,0.0,0.0
2026-08-13T11:25:14,CAM-03,Coffrage niveau 2,10810476_0390.jpg,0,tete_hors_champ,0,0.674,0.4984,0.9927,0.9769,0.0,0.6717,0.8157,0.7507
2026-08-13T11:25:14,CAM-03,Coffrage niveau 2,10810476_0390.jpg,10,tete_hors_champ,0,0.2199,0.3572,0.7111,0.7973,0.8283,0.1703,0.8663,0.6985
2026-08-13T11:25:14,CAM-03,Coffrage niveau 2,10810476_0390.jpg,13,tete_hors_champ,0,0.1231,0.4987,0.997,0.7189,0.0,0.0,0.917,0.0
2026-08-13T12:51:35,CAM-04,Aire de stockage,10810476_0405.jpg,0,tete_hors_champ,0,0.6848,0.499,0.9937,0.9779,0.0,0.0,0.6709,0.8015
2026-08-13T12:51:35,CAM-04,Aire de stockage,10810476_0405.jpg,7,surveillee,1,0.1326,0.5039,0.9923,0.837,0.0,0.0,0.8932,0.238
2026-08-13T12:51:35,CAM-04,Aire de stockage,10810476_0405.jpg,15,surveillee,0,0.2368,0.3668,0.7154,0.6467,0.7455,0.0,0.931,0.6584
2026-08-13T14:17:56,CAM-01,Acces chantier,10810476_0420.jpg,0,tete_hors_champ,0,0.7285,0.4905,0.9765,0.9556,0.0,0.0868,0.0,0.2825
2026-08-13T14:17:56,CAM-01,Acces chantier,10810476_0420.jpg,1,tete_hors_champ,0,0.1913,0.5006,0.9987,0.924,0.4821,0.0,0.9109,0.7053
2026-08-13T14:17:56,CAM-01,Acces chantier,10810476_0420.jpg,12,hors_perimetre,0,0.7177,0.4397,0.1578,0.6682,0.0,0.0,0.0,0.0
2026-08-13T14:17:56,CAM-01,Acces chantier,10810476_0420.jpg,19,hors_perimetre,0,0.6946,0.4287,0.1411,0.2608,0.0,0.0,0.0,0.0
2026-08-13T14:17:56,CAM-01,Acces chantier,10810476_0420.jpg,20,hors_perimetre,0,0.6986,0.4397,0.1645,0.2121,0.0,0.0,0.0,0.0
2026-08-13T14:17:56,CAM-01,Acces chantier,10810476_0420.jpg,24,hors_perimetre,0,0.5721,0.4427,0.076,0.0812,0.0,0.0,0.0,0.0
2026-08-13T15:44:17,CAM-02,Zone de levage,10810476_0435.jpg,0,tete_hors_champ,0,0.7431,0.4908,0.9815,0.9563,0.0,0.0,0.0,0.0
2026-08-13T15:44:17,CAM-02,Zone de levage,10810476_0435.jpg,1,tete_hors_champ,0,0.1945,0.5,1.0,0.9299,0.0,0.0,0.0,0.2471
2026-08-13T15:44:17,CAM-02,Zone de levage,10810476_0435.jpg,11,surveillee,0,0.3202,0.5024,0.9952,0.7854,0.9078,0.0,0.9285,0.6965
2026-08-13T15:44:17,CAM-02,Zone de levage,10810476_0435.jpg,12,hors_perimetre,0,0.7446,0.4367,0.1513,0.7733,0.0,0.0,0.0,0.0
2026-08-13T15:44:17,CAM-02,Zone de levage,10810476_0435.jpg,22,hors_perimetre,0,0.7139,0.4316,0.1393,0.3771,0.0,0.0,0.0,0.0
2026-08-13T15:44:17,CAM-02,Zone de levage,10810476_0435.jpg,25,tete_hors_champ,0,0.3234,0.3329,0.6574,0.2764,0.0,0.0,0.0,0.0
2026-08-13T15:44:17,CAM-02,Zone de levage,10810476_0435.jpg,31,hors_perimetre,0,0.5981,0.4443,0.0759,0.149,0.0,0.0,0.0,0.0
2026-08-13T17:10:39,CAM-03,Coffrage niveau 2,10810476_0450.jpg,0,tete_hors_champ,0,0.7209,0.4937,0.9859,0.9623,0.0,0.0,0.0,0.2637
2026-08-13T17:10:39,CAM-03,Coffrage niveau 2,10810476_0450.jpg,7,tete_hors_champ,0,0.1679,0.4998,0.9997,0.9047,0.0,0.0,0.0,0.1408
2026-08-13T17:10:39,CAM-03,Coffrage niveau 2,10810476_0450.jpg,11,hors_perimetre,0,0.7157,0.4418,0.157,0.862,0.0,0.0,0.0,0.0
2026-08-13T17:10:39,CAM-03,Coffrage niveau 2,10810476_0450.jpg,12,hors_perimetre,0,0.6768,0.4471,0.1675,0.8344,0.0,0.0,0.0,0.4813
2026-08-13T17:10:39,CAM-03,Coffrage niveau 2,10810476_0450.jpg,14,tete_hors_champ,0,0.2845,0.4947,0.9839,0.8062,0.6522,0.0,0.9239,0.7741
2026-08-13T17:10:39,CAM-03,Coffrage niveau 2,10810476_0450.jpg,24,tete_hors_champ,0,0.285,0.328,0.6519,0.3806,0.0,0.0,0.0,0.0
2026-08-13T17:10:39,CAM-03,Coffrage niveau 2,10810476_0450.jpg,27,hors_perimetre,0,0.3654,0.1927,0.1438,0.1613,0.0,0.0,0.0,0.0
2026-08-14T07:37:00,CAM-04,Aire de stockage,10810476_0465.jpg,0,tete_hors_champ,0,0.7105,0.4957,0.988,0.958,0.0,0.0909,0.0,0.4236
2026-08-14T07:37:00,CAM-04,Aire de stockage,10810476_0465.jpg,1,tete_hors_champ,0,0.1598,0.5,1.0,0.9116,0.0,0.0,0.0,0.2313
2026-08-14T07:37:00,CAM-04,Aire de stockage,10810476_0465.jpg,6,hors_perimetre,0,0.6591,0.4366,0.1502,0.8736,0.0,0.0,0.0,0.0
2026-08-14T07:37:00,CAM-04,Aire de stockage,10810476_0465.jpg,10,hors_perimetre,0,0.7004,0.4303,0.1315,0.8217,0.0,0.0,0.0,0.0
2026-08-14T07:37:00,CAM-04,Aire de stockage,10810476_0465.jpg,14,tete_hors_champ,0,0.277,0.3285,0.6478,0.7888,0.0,0.0,0.0,0.0
2026-08-14T07:37:00,CAM-04,Aire de stockage,10810476_0465.jpg,20,surveillee,0,0.2782,0.4858,0.9609,0.6884,0.7738,0.0,0.8995,0.6926
2026-08-14T07:37:00,CAM-04,Aire de stockage,10810476_0465.jpg,29,hors_perimetre,0,0.5571,0.4432,0.0865,0.2606,0.0,0.0,0.0,0.0
2026-08-14T09:03:21,CAM-01,Acces chantier,10810476_0480.jpg,0,tete_hors_champ,0,0.7051,0.4945,0.9829,0.9769,0.0,0.705,0.2888,0.1613
2026-08-14T09:03:21,CAM-01,Acces chantier,10810476_0480.jpg,5,tete_hors_champ,0,0.156,0.501,0.998,0.8968,0.0,0.0,0.9339,0.3682
2026-08-14T09:03:21,CAM-01,Acces chantier,10810476_0480.jpg,11,hors_perimetre,0,0.6908,0.4312,0.1333,0.781,0.0901,0.0,0.0,0.0
2026-08-14T09:03:21,CAM-01,Acces chantier,10810476_0480.jpg,12,surveillee,0,0.2725,0.3435,0.6428,0.7782,0.9182,0.3901,0.9406,0.6378
2026-08-14T09:03:21,CAM-01,Acces chantier,10810476_0480.jpg,20,hors_perimetre,0,0.6459,0.4346,0.1442,0.5841,0.0,0.0,0.0,0.0
2026-08-14T09:03:21,CAM-01,Acces chantier,10810476_0480.jpg,32,hors_perimetre,0,0.5504,0.4466,0.076,0.0982,0.0,0.0,0.0,0.0
2026-08-14T10:29:43,CAM-02,Zone de levage,10810476_0495.jpg,0,surveillee,1,0.7015,0.4992,0.9885,0.961,0.0,0.2222,0.0,0.0
2026-08-14T10:29:43,CAM-02,Zone de levage,10810476_0495.jpg,3,tete_hors_champ,0,0.152,0.5,1.0,0.9245,0.0,0.0,0.0,0.4024
2026-08-14T10:29:43,CAM-02,Zone de levage,10810476_0495.jpg,9,hors_perimetre,0,0.6406,0.433,0.1433,0.8703,0.0,0.0,0.0,0.1514
2026-08-14T10:29:43,CAM-02,Zone de levage,10810476_0495.jpg,12,hors_perimetre,0,0.6898,0.4331,0.1409,0.8178,0.0,0.0,0.0,0.0
2026-08-14T10:29:43,CAM-02,Zone de levage,10810476_0495.jpg,16,surveillee,1,0.277,0.3309,0.6463,0.7195,0.0,0.0,0.0,0.0
2026-08-14T10:29:43,CAM-02,Zone de levage,10810476_0495.jpg,22,surveillee,0,0.28,0.4839,0.9506,0.4479,0.8195,0.0987,0.945,0.693
2026-08-14T10:29:43,CAM-02,Zone de levage,10810476_0495.jpg,26,hors_perimetre,0,0.5441,0.4449,0.0828,0.3326,0.0,0.0,0.0,0.0
2026-08-14T11:56:04,CAM-03,Coffrage niveau 2,10810476_0510.jpg,0,tete_hors_champ,0,0.6908,0.4949,0.9832,0.9755,0.0,0.7757,0.0,0.1845
2026-08-14T11:56:04,CAM-03,Coffrage niveau 2,10810476_0510.jpg,6,tete_hors_champ,0,0.1436,0.5012,0.9964,0.875,0.9223,0.0,0.8946,0.4433
2026-08-14T11:56:04,CAM-03,Coffrage niveau 2,10810476_0510.jpg,11,hors_perimetre,0,0.6738,0.4317,0.137,0.826,0.0,0.0,0.0,0.0
2026-08-14T11:56:04,CAM-03,Coffrage niveau 2,10810476_0510.jpg,13,tete_hors_champ,0,0.2426,0.4975,0.9919,0.7995,0.0,0.0,0.0,0.0
2026-08-14T11:56:04,CAM-03,Coffrage niveau 2,10810476_0510.jpg,17,hors_perimetre,0,0.6255,0.4333,0.1407,0.6519,0.0,0.0,0.0,0.0
2026-08-14T11:56:04,CAM-03,Coffrage niveau 2,10810476_0510.jpg,23,hors_perimetre,0,0.741,0.4242,0.1314,0.2846,0.0,0.0,0.0,0.0
2026-08-14T11:56:04,CAM-03,Coffrage niveau 2,10810476_0510.jpg,32,hors_perimetre,0,0.6252,0.4222,0.0892,0.0791,0.0,0.0,0.0,0.0851
2026-08-14T11:56:04,CAM-03,Coffrage niveau 2,10810476_0510.jpg,34,hors_perimetre,0,0.7394,0.4178,0.0817,0.0745,0.0,0.0,0.0,0.0
2026-08-14T13:22:25,CAM-04,Aire de stockage,10810476_0525.jpg,0,tete_hors_champ,0,0.6874,0.5009,0.9939,0.9751,0.6035,0.4917,0.6181,0.1865
2026-08-14T13:22:25,CAM-04,Aire de stockage,10810476_0525.jpg,10,surveillee,0,0.2347,0.5093,0.9806,0.8339,0.9393,0.1052,0.8866,0.5997
2026-08-14T13:22:25,CAM-04,Aire de stockage,10810476_0525.jpg,12,hors_perimetre,0,0.6699,0.4018,0.0873,0.745,0.0,0.0,0.0,0.0
2026-08-14T13:22:25,CAM-04,Aire de stockage,10810476_0525.jpg,13,tete_hors_champ,0,0.167,0.501,0.9979,0.7427,0.0,0.0,0.0,0.1567
2026-08-14T13:22:25,CAM-04,Aire de stockage,10810476_0525.jpg,21,hors_perimetre,0,0.6207,0.4029,0.086,0.5409,0.0,0.0,0.0,0.0
2026-08-14T13:22:25,CAM-04,Aire de stockage,10810476_0525.jpg,28,hors_perimetre,0,0.526,0.4362,0.0822,0.1966,0.0,0.0,0.0,0.0
2026-08-14T14:48:47,CAM-01,Acces chantier,10810476_0540.jpg,0,tete_hors_champ,0,0.685,0.4996,0.991,0.9712,0.0,0.4553,0.0,0.1575
2026-08-14T14:48:47,CAM-01,Acces chantier,10810476_0540.jpg,5,tete_hors_champ,0,0.1468,0.5022,0.9955,0.8707,0.9221,0.0,0.8359,0.7003
2026-08-14T14:48:47,CAM-01,Acces chantier,10810476_0540.jpg,8,tete_hors_champ,0,0.2283,0.4987,0.99,0.8146,0.0,0.0,0.7908,0.0
2026-08-14T14:48:47,CAM-01,Acces chantier,10810476_0540.jpg,17,hors_perimetre,0,0.6736,0.4154,0.1237,0.6547,0.0,0.0,0.0,0.0
2026-08-14T14:48:47,CAM-01,Acces chantier,10810476_0540.jpg,18,hors_perimetre,0,0.6243,0.4129,0.1215,0.6356,0.0,0.0,0.0,0.0
2026-08-14T14:48:47,CAM-01,Acces chantier,10810476_0540.jpg,28,hors_perimetre,0,0.532,0.4298,0.0936,0.2784,0.0,0.0,0.0,0.0
2026-08-14T14:48:47,CAM-01,Acces chantier,10810476_0540.jpg,37,hors_perimetre,0,0.5277,0.4277,0.0969,0.09,0.0,0.0,0.0,0.0
2026-08-14T16:15:08,CAM-02,Zone de levage,10810476_0555.jpg,0,tete_hors_champ,0,0.701,0.4946,0.9819,0.9704,0.5808,0.4462,0.0,0.0
2026-08-14T16:15:08,CAM-02,Zone de levage,10810476_0555.jpg,5,tete_hors_champ,0,0.1481,0.5009,0.9974,0.9023,0.9383,0.0,0.9687,0.3451
2026-08-14T16:15:08,CAM-02,Zone de levage,10810476_0555.jpg,15,tete_hors_champ,0,0.2405,0.4578,0.9151,0.7459,0.0,0.0,0.8501,0.0
2026-08-14T16:15:08,CAM-02,Zone de levage,10810476_0555.jpg,17,hors_perimetre,0,0.6847,0.4144,0.1192,0.6162,0.0,0.0,0.0,0.0
2026-08-14T16:15:08,CAM-02,Zone de levage,10810476_0555.jpg,18,tete_hors_champ,0,0.2413,0.3172,0.6343,0.5881,0.0,0.0,0.0,0.0
2026-08-14T16:15:08,CAM-02,Zone de levage,10810476_0555.jpg,22,hors_perimetre,0,0.636,0.4092,0.1205,0.4689,0.0,0.0,0.0,0.0
2026-08-14T16:15:08,CAM-02,Zone de levage,10810476_0555.jpg,33,hors_perimetre,0,0.6367,0.4035,0.0913,0.0892,0.0,0.0,0.0,0.0
2026-08-14T17:41:29,CAM-03,Coffrage niveau 2,10810476_0570.jpg,0,tete_hors_champ,0,0.6919,0.4974,0.988,0.9757,0.869,0.4505,0.0,0.0
2026-08-14T17:41:29,CAM-03,Coffrage niveau 2,10810476_0570.jpg,5,tete_hors_champ,0,0.1475,0.5011,0.9945,0.9023,0.864,0.1272,0.9349,0.7349
2026-08-14T17:41:29,CAM-03,Coffrage niveau 2,10810476_0570.jpg,11,tete_hors_champ,0,0.2359,0.4875,0.9751,0.8664,0.0,0.0,0.2371,0.0
2026-08-14T17:41:29,CAM-03,Coffrage niveau 2,10810476_0570.jpg,19,hors_perimetre,0,0.6769,0.4169,0.1198,0.5985,0.0,0.0,0.0,0.0
2026-08-14T17:41:29,CAM-03,Coffrage niveau 2,10810476_0570.jpg,23,hors_perimetre,0,0.3324,0.1968,0.1411,0.3141,0.0,0.0,0.0,0.1051
2026-08-14T17:41:29,CAM-03,Coffrage niveau 2,10810476_0570.jpg,24,hors_perimetre,0,0.629,0.4016,0.0984,0.3113,0.0919,0.0,0.0,0.0
2026-08-14T17:41:29,CAM-03,Coffrage niveau 2,10810476_0570.jpg,39,hors_perimetre,0,0.5374,0.4376,0.0764,0.0883,0.0,0.0,0.0,0.0
2026-08-14T17:41:29,CAM-03,Coffrage niveau 2,10810476_0570.jpg,41,hors_perimetre,0,0.534,0.4368,0.0822,0.0748,0.0,0.0,0.0,0.0
2026-08-15T08:07:51,CAM-04,Aire de stockage,10810476_0585.jpg,0,tete_hors_champ,0,0.7041,0.4976,0.9944,0.966,0.0,0.0,0.0,0.0
2026-08-15T08:07:51,CAM-04,Aire de stockage,10810476_0585.jpg,1,surveillee,0,0.1545,0.5028,0.9944,0.935,0.8819,0.0,0.9074,0.7575
2026-08-15T08:07:51,CAM-04,Aire de stockage,10810476_0585.jpg,11,tete_hors_champ,0,0.2669,0.3926,0.7853,0.7678,0.0,0.0,0.0,0.0
2026-08-15T08:07:51,CAM-04,Aire de stockage,10810476_0585.jpg,15,hors_perimetre,0,0.6441,0.4102,0.1064,0.6357,0.135,0.0,0.0,0.0
2026-08-15T08:07:51,CAM-04,Aire de stockage,10810476_0585.jpg,17,hors_perimetre,0,0.6921,0.4186,0.1224,0.5142,0.0,0.0,0.0,0.0
2026-08-15T08:07:51,CAM-04,Aire de stockage,10810476_0585.jpg,29,hors_perimetre,0,0.6425,0.4094,0.0737,0.1208,0.0,0.0,0.0,0.0
2026-08-15T08:07:51,CAM-04,Aire de stockage,10810476_0585.jpg,32,hors_perimetre,0,0.5557,0.4431,0.0696,0.0962,0.0,0.0,0.0,0.0
2026-08-15T09:34:12,CAM-01,Acces chantier,10810476_0600.jpg,0,tete_hors_champ,0,0.7034,0.5001,0.9997,0.9743,0.0,0.0,0.0,0.2797
2026-08-15T09:34:12,CAM-01,Acces chantier,10810476_0600.jpg,1,tete_hors_champ,0,0.1568,0.4982,0.9913,0.9433,0.0,0.0,0.8574,0.4489
2026-08-15T09:34:12,CAM-01,Acces chantier,10810476_0600.jpg,13,hors_perimetre,0,0.6815,0.4167,0.1094,0.6837,0.0,0.0,0.0,0.0
2026-08-15T09:34:12,CAM-01,Acces chantier,10810476_0600.jpg,16,surveillee,0,0.2623,0.4444,0.8649,0.6215,0.8499,0.0,0.9303,0.8732
2026-08-15T09:34:12,CAM-01,Acces chantier,10810476_0600.jpg,22,hors_perimetre,0,0.6322,0.4061,0.092,0.5019,0.2105,0.0,0.0,0.0
2026-08-15T09:34:12,CAM-01,Acces chantier,10810476_0600.jpg,31,hors_perimetre,0,0.5388,0.4405,0.0746,0.124,0.0,0.0,0.0,0.0
2026-08-15T09:34:12,CAM-01,Acces chantier,10810476_0600.jpg,32,hors_perimetre,0,0.5419,0.4413,0.0709,0.1037,0.0,0.0,0.0,0.0
2026-08-15T11:00:33,CAM-02,Zone de levage,10810476_0615.jpg,1,tete_hors_champ,0,0.6535,0.4876,0.9752,0.9153,0.8697,0.4637,0.0,0.0
2026-08-15T11:00:33,CAM-02,Zone de levage,10810476_0615.jpg,7,tete_hors_champ,0,0.1759,0.4666,0.9332,0.8749,0.5327,0.0,0.0,0.1342
2026-08-15T11:00:33,CAM-02,Zone de levage,10810476_0615.jpg,13,surveillee,0,0.2698,0.473,0.7513,0.8462,0.8869,0.1508,0.8998,0.1273
2026-08-15T11:00:33,CAM-02,Zone de levage,10810476_0615.jpg,20,surveillee,1,0.8511,0.5561,0.881,0.6589,0.0,0.0,0.8684,0.5731
2026-08-15T12:26:54,CAM-03,Coffrage niveau 2,10810476_0630.jpg,5,surveillee,0,0.2138,0.4319,0.7984,0.9021,0.925,0.0,0.0,0.272
2026-08-15T12:26:54,CAM-03,Coffrage niveau 2,10810476_0630.jpg,12,tete_hors_champ,0,0.8263,0.4985,0.9969,0.8269,0.807,0.0741,0.0,0.0
2026-08-15T12:26:54,CAM-03,Coffrage niveau 2,10810476_0630.jpg,13,surveillee,0,0.3206,0.4643,0.6154,0.8186,0.9453,0.0,0.8724,0.0
2026-08-15T12:26:54,CAM-03,Coffrage niveau 2,10810476_0630.jpg,15,tete_hors_champ,0,0.6168,0.4375,0.8682,0.8067,0.9687,0.4903,0.5639,0.9169
2026-08-15T12:26:54,CAM-03,Coffrage niveau 2,10810476_0630.jpg,16,surveillee,1,0.054,0.4603,0.2121,0.7922,0.1205,0.0,0.0,0.0
2026-08-15T12:26:54,CAM-03,Coffrage niveau 2,10810476_0630.jpg,45,hors_perimetre,0,0.0565,0.476,0.1649,0.097,0.0,0.0,0.0,0.5068
2026-08-15T13:53:16,CAM-04,Aire de stockage,10810476_0645.jpg,4,surveillee,0,0.3159,0.3971,0.6074,0.8784,0.8473,0.0,0.0,0.3671
2026-08-15T13:53:16,CAM-04,Aire de stockage,10810476_0645.jpg,13,surveillee,1,0.3927,0.4515,0.5171,0.7849,0.0,0.0,0.6094,0.0
2026-08-15T13:53:16,CAM-04,Aire de stockage,10810476_0645.jpg,15,surveillee,0,0.8328,0.4904,0.9675,0.7712,0.9592,0.3822,0.0,0.0
2026-08-15T13:53:16,CAM-04,Aire de stockage,10810476_0645.jpg,19,surveillee,0,0.6324,0.4029,0.6426,0.6763,0.93,0.0779,0.6881,0.7385
2026-08-15T13:53:16,CAM-04,Aire de stockage,10810476_0645.jpg,21,surveillee,1,0.0793,0.4655,0.2198,0.6067,0.3075,0.0,0.0,0.8117
2026-08-15T13:53:16,CAM-04,Aire de stockage,10810476_0645.jpg,30,hors_perimetre,0,0.5973,0.4265,0.1116,0.3003,0.0,0.0,0.0,0.0
2026-08-15T13:53:16,CAM-04,Aire de stockage,10810476_0645.jpg,34,surveillee,0,0.3889,0.3745,0.361,0.2863,0.76,0.1516,0.4483,0.141
2026-08-15T15:19:37,CAM-01,Acces chantier,10810476_0660.jpg,3,surveillee,0,0.6602,0.5644,0.8666,0.923,0.951,0.0,0.5097,0.777
2026-08-15T15:19:37,CAM-01,Acces chantier,10810476_0660.jpg,5,surveillee,0,0.3904,0.5737,0.8487,0.884,0.8592,0.0,0.0,0.4953
2026-08-15T15:19:37,CAM-01,Acces chantier,10810476_0660.jpg,15,surveillee,1,0.4416,0.3812,0.3046,0.7742,0.0,0.0,0.0,0.0
2026-08-15T15:19:37,CAM-01,Acces chantier,10810476_0660.jpg,16,surveillee,0,0.8117,0.5555,0.8873,0.7686,0.9573,0.113,0.0,0.467
2026-08-15T15:19:37,CAM-01,Acces chantier,10810476_0660.jpg,26,hors_perimetre,0,0.6211,0.4209,0.1034,0.4375,0.0,0.0,0.0,0.0
2026-08-15T15:19:37,CAM-01,Acces chantier,10810476_0660.jpg,27,surveillee,1,0.1231,0.4778,0.2433,0.4249,0.1927,0.0,0.0,0.9285
2026-08-15T15:19:37,CAM-01,Acces chantier,10810476_0660.jpg,30,hors_perimetre,0,0.2298,0.4129,0.1009,0.3354,0.0,0.0,0.0,0.0
2026-08-15T15:19:37,CAM-01,Acces chantier,10810476_0660.jpg,34,hors_perimetre,0,0.664,0.4238,0.1145,0.2548,0.0,0.0,0.0,0.0
2026-08-15T15:19:37,CAM-01,Acces chantier,10810476_0660.jpg,37,hors_perimetre,0,0.3091,0.4007,0.1128,0.2126,0.0,0.0,0.0,0.0
2026-08-15T15:19:37,CAM-01,Acces chantier,10810476_0660.jpg,40,hors_perimetre,0,0.3051,0.4032,0.1248,0.2012,0.0,0.0,0.0,0.0
2026-08-15T15:19:37,CAM-01,Acces chantier,10810476_0660.jpg,41,surveillee,0,0.4582,0.6076,0.7539,0.1959,0.916,0.0,0.6814,0.0862
2026-08-15T15:19:37,CAM-01,Acces chantier,10810476_0660.jpg,50,hors_perimetre,0,0.2403,0.4144,0.097,0.1144,0.0,0.0,0.0,0.0
2026-08-15T15:19:37,CAM-01,Acces chantier,10810476_0660.jpg,52,hors_perimetre,0,0.6625,0.3893,0.0468,0.1049,0.0,0.0,0.0,0.0
2026-08-15T15:19:37,CAM-01,Acces chantier,10810476_0660.jpg,54,hors_perimetre,0,0.0381,0.4288,0.1214,0.0906,0.0,0.0,0.0,0.0
2026-08-15T15:19:37,CAM-01,Acces chantier,10810476_0660.jpg,57,hors_perimetre,0,0.303,0.4277,0.1772,0.075,0.0,0.0,0.0,0.0
2026-08-15T16:45:58,CAM-02,Zone de levage,13569683_0000.jpg,2,surveillee,0,0.4147,0.6424,0.7137,0.9328,0.8559,0.0,0.5606,0.9867
2026-08-15T16:45:58,CAM-02,Zone de levage,13569683_0000.jpg,5,surveillee,0,0.6258,0.6544,0.6871,0.8754,0.89,0.0,0.0,0.9616
2026-08-15T16:45:58,CAM-02,Zone de levage,13569683_0000.jpg,6,hors_perimetre,0,0.8919,0.6324,0.07,0.8723,0.0,0.0,0.0,0.0
2026-08-15T16:45:58,CAM-02,Zone de levage,13569683_0000.jpg,13,hors_perimetre,0,0.9817,0.6419,0.0785,0.7042,0.0,0.0,0.0,0.0
2026-08-15T16:45:58,CAM-02,Zone de levage,13569683_0000.jpg,16,hors_perimetre,0,0.8528,0.6414,0.0396,0.5431,0.0,0.0,0.0,0.0
2026-08-15T16:45:58,CAM-02,Zone de levage,13569683_0000.jpg,19,hors_perimetre,0,0.8571,0.6423,0.0424,0.3023,0.0,0.0,0.0,0.0
2026-08-16T07:12:20,CAM-03,Coffrage niveau 2,13569683_0015.jpg,3,surveillee,0,0.4209,0.6323,0.7284,0.9112,0.8624,0.0,0.5631,0.9881
2026-08-16T07:12:20,CAM-03,Coffrage niveau 2,13569683_0015.jpg,4,surveillee,0,0.634,0.6416,0.7144,0.9068,0.9308,0.0,0.0,0.9397
2026-08-16T07:12:20,CAM-03,Coffrage niveau 2,13569683_0015.jpg,10,hors_perimetre,0,0.899,0.625,0.0756,0.8506,0.0,0.0,0.0,0.0
2026-08-16T07:12:20,CAM-03,Coffrage niveau 2,13569683_0015.jpg,14,hors_perimetre,0,0.9896,0.6367,0.0796,0.709,0.0,0.0,0.0,0.0
2026-08-16T07:12:20,CAM-03,Coffrage niveau 2,13569683_0015.jpg,15,hors_perimetre,0,0.8585,0.6348,0.0435,0.7046,0.0,0.0,0.0,0.0
2026-08-16T07:12:20,CAM-03,Coffrage niveau 2,13569683_0015.jpg,23,hors_perimetre,0,0.993,0.6113,0.0326,0.184,0.0,0.0,0.0,0.0
2026-08-16T07:12:20,CAM-03,Coffrage niveau 2,13569683_0015.jpg,25,hors_perimetre,0,0.8954,0.6262,0.0684,0.1684,0.0,0.0,0.0,0.0
2026-08-16T07:12:20,CAM-03,Coffrage niveau 2,13569683_0015.jpg,26,hors_perimetre,0,0.8622,0.6355,0.0479,0.14,0.0,0.0,0.0,0.0
2026-08-16T08:38:41,CAM-04,Aire de stockage,13569683_0030.jpg,2,surveillee,0,0.6374,0.6226,0.7548,0.9109,0.892,0.0,0.0,0.9725
2026-08-16T08:38:41,CAM-04,Aire de stockage,13569683_0030.jpg,7,surveillee,0,0.4335,0.6116,0.7767,0.8707,0.9076,0.0,0.0,0.9768
2026-08-16T08:38:41,CAM-04,Aire de stockage,13569683_0030.jpg,11,hors_perimetre,0,0.9036,0.6208,0.0732,0.8163,0.0,0.0,0.0,0.0
2026-08-16T08:38:41,CAM-04,Aire de stockage,13569683_0030.jpg,18,hors_perimetre,0,0.9943,0.631,0.0842,0.5146,0.0,0.0,0.0,0.0
2026-08-16T08:38:41,CAM-04,Aire de stockage,13569683_0030.jpg,20,hors_perimetre,0,0.8658,0.6309,0.041,0.2841,0.0,0.0,0.0,0.0
2026-08-16T08:38:41,CAM-04,Aire de stockage,13569683_0030.jpg,21,hors_perimetre,0,0.9931,0.6206,0.1032,0.1181,0.0,0.0,0.0,0.0
2026-08-16T10:05:02,CAM-01,Acces chantier,13569683_0045.jpg,4,surveillee,0,0.4503,0.5824,0.7712,0.9214,0.8244,0.0,0.0,0.9744
2026-08-16T10:05:02,CAM-01,Acces chantier,13569683_0045.jpg,5,surveillee,0,0.643,0.6044,0.7911,0.9132,0.9385,0.0,0.0,0.9775
2026-08-16T10:05:02,CAM-01,Acces chantier,13569683_0045.jpg,10,hors_perimetre,0,0.9047,0.6146,0.0675,0.8426,0.0,0.0,0.0,0.0
2026-08-16T10:05:02,CAM-01,Acces chantier,13569683_0045.jpg,17,hors_perimetre,0,0.8654,0.623,0.0461,0.5518,0.0,0.0,0.0,0.0
2026-08-16T11:31:24,CAM-02,Zone de levage,13569683_0060.jpg,3,surveillee,0,0.6519,0.5997,0.7987,0.9087,0.9195,0.0,0.0,0.9904
2026-08-16T11:31:24,CAM-02,Zone de levage,13569683_0060.jpg,7,surveillee,0,0.4646,0.5729,0.7772,0.8927,0.9007,0.0,0.0,0.9838
2026-08-16T11:31:24,CAM-02,Zone de levage,13569683_0060.jpg,14,hors_perimetre,0,0.9065,0.6136,0.0676,0.75,0.0,0.0,0.0,0.0
2026-08-16T11:31:24,CAM-02,Zone de levage,13569683_0060.jpg,18,hors_perimetre,0,0.8671,0.6223,0.0408,0.4724,0.0,0.0,0.0,0.0
2026-08-16T11:31:24,CAM-02,Zone de levage,13569683_0060.jpg,20,hors_perimetre,0,0.0212,0.5333,0.0276,0.1027,0.0,0.0,0.0,0.0
2026-08-16T12:57:45,CAM-03,Coffrage niveau 2,13569683_0075.jpg,4,surveillee,0,0.6529,0.5775,0.8029,0.9098,0.874,0.0,0.0,0.9637
2026-08-16T12:57:45,CAM-03,Coffrage niveau 2,13569683_0075.jpg,6,surveillee,0,0.4777,0.5563,0.7766,0.8872,0.919,0.0,0.0,0.9498
2026-08-16T12:57:45,CAM-03,Coffrage niveau 2,13569683_0075.jpg,14,hors_perimetre,0,0.9067,0.6101,0.0692,0.8067,0.0,0.0,0.0,0.0
2026-08-16T12:57:45,CAM-03,Coffrage niveau 2,13569683_0075.jpg,15,hors_perimetre,0,0.8681,0.6189,0.0425,0.636,0.0,0.0,0.0,0.0
2026-08-16T12:57:45,CAM-03,Coffrage niveau 2,13569683_0075.jpg,21,hors_perimetre,0,0.0228,0.5351,0.0259,0.0984,0.0,0.0,0.0,0.0
2026-08-16T14:24:06,CAM-04,Aire de stockage,13569683_0090.jpg,3,surveillee,0,0.6557,0.5714,0.7992,0.9049,0.8558,0.0,0.0,0.9717
2026-08-16T14:24:06,CAM-04,Aire de stockage,13569683_0090.jpg,5,surveillee,0,0.4765,0.5497,0.7822,0.8671,0.852,0.0,0.0,0.9477
2026-08-16T14:24:06,CAM-04,Aire de stockage,13569683_0090.jpg,6,hors_perimetre,0,0.9069,0.6066,0.0696,0.8652,0.0,0.0,0.0,0.0
2026-08-16T14:24:06,CAM-04,Aire de stockage,13569683_0090.jpg,16,hors_perimetre,0,0.8702,0.6164,0.0434,0.6928,0.0,0.0,0.0,0.0
2026-08-16T15:50:28,CAM-01,Acces chantier,13569683_0105.jpg,5,surveillee,0,0.6546,0.58,0.7998,0.9078,0.8254,0.0,0.0,0.9835
2026-08-16T15:50:28,CAM-01,Acces chantier,13569683_0105.jpg,6,surveillee,0,0.4676,0.5534,0.791,0.8865,0.8758,0.0,0.0,0.952
2026-08-16T15:50:28,CAM-01,Acces chantier,13569683_0105.jpg,13,hors_perimetre,0,0.9067,0.607,0.0685,0.8221,0.0,0.0,0.0,0.0
2026-08-16T15:50:28,CAM-01,Acces chantier,13569683_0105.jpg,15,hors_perimetre,0,0.8676,0.6161,0.0431,0.7005,0.0,0.0,0.0,0.0
2026-08-16T17:16:49,CAM-02,Zone de levage,13569683_0120.jpg,3,surveillee,0,0.6456,0.5761,0.7765,0.9021,0.8837,0.0,0.0,0.9881
2026-08-16T17:16:49,CAM-02,Zone de levage,13569683_0120.jpg,4,surveillee,0,0.4653,0.5626,0.7898,0.9012,0.9122,0.0,0.0,0.9333
2026-08-16T17:16:49,CAM-02,Zone de levage,13569683_0120.jpg,11,hors_perimetre,0,0.9033,0.6083,0.0689,0.8224,0.0,0.0,0.0,0.0
2026-08-16T17:16:49,CAM-02,Zone de levage,13569683_0120.jpg,15,hors_perimetre,0,0.8648,0.617,0.043,0.5795,0.0,0.0,0.0,0.0
2026-08-17T07:43:10,CAM-03,Coffrage niveau 2,13569683_0135.jpg,3,surveillee,0,0.6412,0.585,0.7744,0.915,0.921,0.0,0.0,0.9801
2026-08-17T07:43:10,CAM-03,Coffrage niveau 2,13569683_0135.jpg,5,surveillee,0,0.46,0.5691,0.7868,0.898,0.9115,0.0,0.0,0.9607
2026-08-17T07:43:10,CAM-03,Coffrage niveau 2,13569683_0135.jpg,12,hors_perimetre,0,0.9019,0.609,0.0673,0.718,0.0,0.0,0.0,0.0
2026-08-17T07:43:10,CAM-03,Coffrage niveau 2,13569683_0135.jpg,14,hors_perimetre,0,0.8615,0.6173,0.0414,0.561,0.0,0.0,0.0,0.0
2026-08-17T09:09:31,CAM-04,Aire de stockage,13569683_0150.jpg,2,surveillee,0,0.639,0.5857,0.7821,0.9293,0.9339,0.0,0.0,0.9675
2026-08-17T09:09:31,CAM-04,Aire de stockage,13569683_0150.jpg,4,surveillee,0,0.4478,0.5667,0.7775,0.8986,0.8483,0.0,0.0,0.9228
2026-08-17T09:09:31,CAM-04,Aire de stockage,13569683_0150.jpg,14,hors_perimetre,0,0.899,0.6057,0.0728,0.6603,0.0,0.0,0.0,0.0
2026-08-17T09:09:31,CAM-04,Aire de stockage,13569683_0150.jpg,15,hors_perimetre,0,0.8599,0.6161,0.0416,0.5567,0.0,0.0,0.0,0.0
2026-08-17T09:09:31,CAM-04,Aire de stockage,13569683_0150.jpg,18,hors_perimetre,0,0.8622,0.6167,0.0455,0.0958,0.0,0.0,0.0,0.0
2026-08-17T09:09:31,CAM-04,Aire de stockage,13569683_0150.jpg,19,hors_perimetre,0,0.8946,0.6087,0.0672,0.0803,0.0,0.0,0.0,0.0
2026-08-17T10:35:53,CAM-01,Acces chantier,13569683_0165.jpg,2,surveillee,0,0.6364,0.5842,0.8043,0.9291,0.8789,0.0,0.0,0.9644
2026-08-17T10:35:53,CAM-01,Acces chantier,13569683_0165.jpg,9,surveillee,0,0.4447,0.5691,0.7943,0.8568,0.8576,0.0,0.0,0.9562
2026-08-17T10:35:53,CAM-01,Acces chantier,13569683_0165.jpg,13,hors_perimetre,0,0.8592,0.6145,0.0453,0.6292,0.0,0.0,0.0,0.0
2026-08-17T10:35:53,CAM-01,Acces chantier,13569683_0165.jpg,16,hors_perimetre,0,0.8979,0.6069,0.0706,0.3002,0.0,0.0,0.0,0.0
2026-08-17T12:02:14,CAM-02,Zone de levage,13569683_0180.jpg,2,surveillee,0,0.6306,0.5857,0.8285,0.9251,0.8822,0.0,0.0,0.9558
2026-08-17T12:02:14,CAM-02,Zone de levage,13569683_0180.jpg,5,surveillee,0,0.4457,0.5723,0.8106,0.88,0.8704,0.0,0.0,0.9907
2026-08-17T12:02:14,CAM-02,Zone de levage,13569683_0180.jpg,13,hors_perimetre,0,0.8979,0.6062,0.0686,0.7482,0.0,0.0,0.0,0.0
2026-08-17T12:02:14,CAM-02,Zone de levage,13569683_0180.jpg,14,hors_perimetre,0,0.8581,0.6149,0.0448,0.669,0.0,0.0,0.0,0.0
2026-08-17T12:02:14,CAM-02,Zone de levage,13569683_0180.jpg,19,hors_perimetre,0,0.8938,0.6088,0.0649,0.1565,0.0,0.0,0.0,0.0
2026-08-17T12:02:14,CAM-02,Zone de levage,13569683_0180.jpg,26,hors_perimetre,0,0.8616,0.6149,0.0467,0.0819,0.0,0.0,0.0,0.0
2026-08-17T13:28:35,CAM-03,Coffrage niveau 2,13569683_0195.jpg,2,surveillee,0,0.6255,0.5788,0.8285,0.903,0.8501,0.0,0.0,0.9349
2026-08-17T13:28:35,CAM-03,Coffrage niveau 2,13569683_0195.jpg,3,surveillee,0,0.4428,0.5791,0.8354,0.8904,0.8817,0.0,0.2147,0.99
2026-08-17T13:28:35,CAM-03,Coffrage niveau 2,13569683_0195.jpg,10,hors_perimetre,0,0.857,0.6151,0.0449,0.7311,0.0,0.0,0.0,0.0
2026-08-17T13:28:35,CAM-03,Coffrage niveau 2,13569683_0195.jpg,15,hors_perimetre,0,0.8979,0.6058,0.0688,0.3182,0.0,0.0,0.0,0.0
2026-08-17T14:54:57,CAM-04,Aire de stockage,13569683_0210.jpg,2,surveillee,0,0.6232,0.5767,0.8426,0.9131,0.8977,0.0,0.0,0.9682
2026-08-17T14:54:57,CAM-04,Aire de stockage,13569683_0210.jpg,4,surveillee,0,0.4291,0.5795,0.841,0.8843,0.8819,0.0,0.0,0.9403
2026-08-17T14:54:57,CAM-04,Aire de stockage,13569683_0210.jpg,12,hors_perimetre,0,0.8977,0.6063,0.0678,0.6653,0.0,0.0,0.0,0.0
2026-08-17T14:54:57,CAM-04,Aire de stockage,13569683_0210.jpg,13,hors_perimetre,0,0.8553,0.6154,0.0418,0.6498,0.0,0.0,0.0,0.0
2026-08-17T16:21:18,CAM-01,Acces chantier,13569683_0225.jpg,2,surveillee,0,0.6199,0.573,0.8436,0.9134,0.8833,0.0,0.0,0.9722
2026-08-17T16:21:18,CAM-01,Acces chantier,13569683_0225.jpg,4,surveillee,0,0.4212,0.5657,0.8406,0.8817,0.7808,0.0,0.0,0.9894
2026-08-17T16:21:18,CAM-01,Acces chantier,13569683_0225.jpg,14,hors_perimetre,0,0.8553,0.6139,0.0435,0.6812,0.0,0.0,0.0,0.0
2026-08-17T16:21:18,CAM-01,Acces chantier,13569683_0225.jpg,16,hors_perimetre,0,0.8979,0.6048,0.0694,0.5175,0.0,0.0,0.0,0.0
2026-08-17T17:47:39,CAM-02,Zone de levage,13569683_0240.jpg,3,surveillee,0,0.6244,0.5798,0.8385,0.9051,0.9194,0.0,0.0,0.9663
2026-08-17T17:47:39,CAM-02,Zone de levage,13569683_0240.jpg,4,surveillee,0,0.4274,0.571,0.8488,0.8968,0.8224,0.0,0.0,0.9801
2026-08-17T17:47:39,CAM-02,Zone de levage,13569683_0240.jpg,13,hors_perimetre,0,0.8551,0.6146,0.0419,0.5909,0.0,0.0,0.0,0.0
2026-08-17T17:47:39,CAM-02,Zone de levage,13569683_0240.jpg,14,hors_perimetre,0,0.8979,0.6045,0.0717,0.5556,0.0,0.0,0.0,0.0
2026-08-18T08:14:01,CAM-03,Coffrage niveau 2,13569683_0255.jpg,2,surveillee,0,0.6271,0.5785,0.8419,0.9187,0.8995,0.0,0.0,0.9508
2026-08-18T08:14:01,CAM-03,Coffrage niveau 2,13569683_0255.jpg,6,surveillee,0,0.4263,0.5746,0.847,0.8741,0.9134,0.0,0.0,0.9829
2026-08-18T08:14:01,CAM-03,Coffrage niveau 2,13569683_0255.jpg,18,hors_perimetre,0,0.8559,0.6138,0.0426,0.2772,0.0,0.0,0.0,0.0
2026-08-18T08:14:01,CAM-03,Coffrage niveau 2,13569683_0255.jpg,20,hors_perimetre,0,0.8982,0.602,0.0731,0.1195,0.0,0.0,0.0,0.0
2026-08-18T09:40:22,CAM-04,Aire de stockage,13569683_0270.jpg,2,surveillee,0,0.6276,0.5771,0.8458,0.9115,0.873,0.0,0.0,0.9775
2026-08-18T09:40:22,CAM-04,Aire de stockage,13569683_0270.jpg,5,surveillee,0,0.4354,0.5744,0.8511,0.8781,0.8956,0.0,0.0,0.9901
2026-08-18T09:40:22,CAM-04,Aire de stockage,13569683_0270.jpg,14,hors_perimetre,0,0.8982,0.6006,0.0717,0.4739,0.0,0.0,0.0,0.0
2026-08-18T09:40:22,CAM-04,Aire de stockage,13569683_0270.jpg,15,hors_perimetre,0,0.8537,0.611,0.0411,0.4486,0.0,0.0,0.0,0.0
2026-08-18T09:40:22,CAM-04,Aire de stockage,13569683_0270.jpg,22,hors_perimetre,0,0.8698,0.6216,0.0272,0.0758,0.0,0.0,0.0,0.0
2026-08-18T11:06:43,CAM-01,Acces chantier,13569683_0285.jpg,2,surveillee,0,0.6216,0.5824,0.8352,0.9081,0.8776,0.0,0.0,0.973
2026-08-18T11:06:43,CAM-01,Acces chantier,13569683_0285.jpg,3,surveillee,0,0.4544,0.5733,0.8525,0.9021,0.8941,0.0,0.0,0.9825
2026-08-18T11:06:43,CAM-01,Acces chantier,13569683_0285.jpg,14,hors_perimetre,0,0.8547,0.611,0.0429,0.47,0.0,0.0,0.0,0.0
2026-08-18T11:06:43,CAM-01,Acces chantier,13569683_0285.jpg,15,hors_perimetre,0,0.8984,0.5994,0.0735,0.441,0.0,0.0,0.0,0.0
2026-08-18T11:06:43,CAM-01,Acces chantier,13569683_0285.jpg,19,hors_perimetre,0,0.8574,0.613,0.0435,0.1546,0.0,0.0,0.0,0.0
2026-08-18T11:06:43,CAM-01,Acces chantier,13569683_0285.jpg,21,hors_perimetre,0,0.8642,0.6191,0.0312,0.0856,0.0,0.0,0.0,0.0
2026-08-18T12:33:05,CAM-02,Zone de levage,13569683_0300.jpg,2,surveillee,0,0.6167,0.5783,0.8435,0.9199,0.9055,0.0,0.0,0.9705
2026-08-18T12:33:05,CAM-02,Zone de levage,13569683_0300.jpg,4,surveillee,0,0.4581,0.5739,0.8522,0.8895,0.8788,0.0,0.3504,0.9878
2026-08-18T12:33:05,CAM-02,Zone de levage,13569683_0300.jpg,10,hors_perimetre,0,0.8988,0.5985,0.0736,0.6399,0.0,0.0,0.0,0.0
2026-08-18T12:33:05,CAM-02,Zone de levage,13569683_0300.jpg,12,hors_perimetre,0,0.855,0.6102,0.0433,0.4918,0.0,0.0,0.0,0.0
2026-08-18T12:33:05,CAM-02,Zone de levage,13569683_0300.jpg,25,hors_perimetre,0,0.8954,0.6019,0.0707,0.0754,0.0,0.0,0.0,0.0
2026-08-18T13:59:26,CAM-03,Coffrage niveau 2,13569683_0315.jpg,2,surveillee,0,0.6261,0.5712,0.8576,0.9288,0.9036,0.0,0.0,0.9526
2026-08-18T13:59:26,CAM-03,Coffrage niveau 2,13569683_0315.jpg,3,surveillee,0,0.4555,0.581,0.8345,0.906,0.8983,0.0,0.0,0.9779
2026-08-18T13:59:26,CAM-03,Coffrage niveau 2,13569683_0315.jpg,13,hors_perimetre,0,0.8991,0.5983,0.0744,0.5404,0.0,0.0,0.0,0.0
2026-08-18T13:59:26,CAM-03,Coffrage niveau 2,13569683_0315.jpg,14,hors_perimetre,0,0.8549,0.6099,0.0435,0.3631,0.0,0.0,0.0,0.0
2026-08-18T13:59:26,CAM-03,Coffrage niveau 2,13569683_0315.jpg,18,hors_perimetre,0,0.8573,0.6126,0.0424,0.1207,0.0,0.0,0.0,0.0
2026-08-18T15:25:47,CAM-04,Aire de stockage,13569683_0330.jpg,2,surveillee,0,0.6487,0.5768,0.8464,0.9359,0.8965,0.0,0.0,0.943
2026-08-18T15:25:47,CAM-04,Aire de stockage,13569683_0330.jpg,7,surveillee,0,0.4598,0.5907,0.8185,0.8684,0.9006,0.0,0.0,0.9887
2026-08-18T15:25:47,CAM-04,Aire de stockage,13569683_0330.jpg,13,hors_perimetre,0,0.8992,0.5982,0.0737,0.6579,0.0,0.0,0.0,0.0
2026-08-18T15:25:47,CAM-04,Aire de stockage,13569683_0330.jpg,14,hors_perimetre,0,0.8545,0.6094,0.043,0.38,0.0,0.0,0.0,0.0
2026-08-18T15:25:47,CAM-04,Aire de stockage,13569683_0330.jpg,17,hors_perimetre,0,0.8578,0.612,0.0414,0.1584,0.0,0.0,0.0,0.0
2026-08-18T16:52:08,CAM-01,Acces chantier,13569683_0345.jpg,1,surveillee,0,0.68,0.574,0.852,0.9297,0.8066,0.0,0.0,0.9107
2026-08-18T16:52:08,CAM-01,Acces chantier,13569683_0345.jpg,3,surveillee,0,0.4575,0.5874,0.8253,0.8971,0.8764,0.0,0.2895,0.9531
2026-08-18T16:52:08,CAM-01,Acces chantier,13569683_0345.jpg,10,hors_perimetre,0,0.8994,0.5986,0.075,0.6972,0.0,0.0,0.0,0.0
2026-08-18T16:52:08,CAM-01,Acces chantier,13569683_0345.jpg,15,hors_perimetre,0,0.8542,0.6096,0.0429,0.3042,0.0,0.0,0.0,0.0
2026-08-18T16:52:08,CAM-01,Acces chantier,13569683_0345.jpg,19,hors_perimetre,0,0.8587,0.6125,0.0408,0.1623,0.0,0.0,0.0,0.0
2026-08-18T16:52:08,CAM-01,Acces chantier,13569683_0345.jpg,23,hors_perimetre,0,0.8961,0.6012,0.0726,0.0842,0.0,0.0,0.0,0.0
2026-08-19T07:18:30,CAM-02,Zone de levage,13569683_0360.jpg,2,surveillee,0,0.6964,0.5776,0.8447,0.9204,0.8901,0.0,0.0,0.9338
2026-08-19T07:18:30,CAM-02,Zone de levage,13569683_0360.jpg,3,surveillee,0,0.4594,0.592,0.816,0.9058,0.8973,0.0738,0.0,0.9742
2026-08-19T07:18:30,CAM-02,Zone de levage,13569683_0360.jpg,14,hors_perimetre,0,0.8994,0.6015,0.0746,0.2936,0.0,0.0,0.0,0.0
2026-08-19T07:18:30,CAM-02,Zone de levage,13569683_0360.jpg,15,hors_perimetre,0,0.8555,0.6127,0.0434,0.2076,0.0,0.0,0.0,0.0
2026-08-19T07:18:30,CAM-02,Zone de levage,13569683_0360.jpg,18,hors_perimetre,0,0.8585,0.6158,0.0377,0.0889,0.0,0.0,0.0,0.0
2026-08-19T08:44:51,CAM-03,Coffrage niveau 2,13569683_0375.jpg,2,surveillee,0,0.4763,0.6049,0.7903,0.9331,0.7964,0.0,0.0,0.9891
2026-08-19T08:44:51,CAM-03,Coffrage niveau 2,13569683_0375.jpg,3,surveillee,0,0.7018,0.5846,0.8306,0.929,0.9079,0.0,0.0,0.9745
2026-08-19T08:44:51,CAM-03,Coffrage niveau 2,13569683_0375.jpg,13,hors_perimetre,0,0.8993,0.6019,0.0754,0.5704,0.0,0.0,0.0,0.0
2026-08-19T08:44:51,CAM-03,Coffrage niveau 2,13569683_0375.jpg,14,hors_perimetre,0,0.8536,0.6132,0.0454,0.3426,0.0,0.0,0.0,0.0
2026-08-19T08:44:51,CAM-03,Coffrage niveau 2,13569683_0375.jpg,15,hors_perimetre,0,0.8587,0.6162,0.0409,0.1772,0.0,0.0,0.0,0.0
2026-08-19T08:44:51,CAM-03,Coffrage niveau 2,13569683_0375.jpg,19,hors_perimetre,0,0.8656,0.6232,0.0291,0.0892,0.0,0.0,0.0,0.0
2026-08-19T10:11:12,CAM-04,Aire de stockage,13569683_0390.jpg,2,surveillee,0,0.7041,0.599,0.8021,0.929,0.8819,0.0,0.0,0.9727
2026-08-19T10:11:12,CAM-04,Aire de stockage,13569683_0390.jpg,4,surveillee,0,0.4866,0.6105,0.7785,0.8917,0.9215,0.0,0.0,0.993
2026-08-19T10:11:12,CAM-04,Aire de stockage,13569683_0390.jpg,12,hors_perimetre,0,0.9006,0.6056,0.0777,0.7904,0.0,0.0,0.0,0.0
2026-08-19T10:11:12,CAM-04,Aire de stockage,13569683_0390.jpg,14,hors_perimetre,0,0.8559,0.6201,0.0394,0.4801,0.0,0.0,0.0,0.0
2026-08-19T11:37:34,CAM-01,Acces chantier,13569683_0405.jpg,3,surveillee,0,0.7074,0.6,0.7984,0.9273,0.9524,0.0,0.0,0.9739
2026-08-19T11:37:34,CAM-01,Acces chantier,13569683_0405.jpg,4,surveillee,0,0.4926,0.6165,0.7656,0.9188,0.8196,0.0,0.0,0.9878
2026-08-19T11:37:34,CAM-01,Acces chantier,13569683_0405.jpg,10,hors_perimetre,0,0.9008,0.6069,0.0767,0.7981,0.0,0.0,0.0,0.0
2026-08-19T11:37:34,CAM-01,Acces chantier,13569683_0405.jpg,15,hors_perimetre,0,0.8554,0.622,0.0395,0.5035,0.0,0.0,0.0,0.0
2026-08-19T13:03:55,CAM-02,Zone de levage,13569683_0420.jpg,3,surveillee,0,0.4866,0.6349,0.7302,0.9153,0.8986,0.3529,0.0,0.9875
2026-08-19T13:03:55,CAM-02,Zone de levage,13569683_0420.jpg,5,surveillee,0,0.7258,0.6071,0.7859,0.8867,0.9509,0.0,0.0,0.9824
2026-08-19T13:03:55,CAM-02,Zone de levage,13569683_0420.jpg,7,hors_perimetre,0,0.9014,0.6093,0.0761,0.8289,0.0,0.0,0.0,0.0
2026-08-19T13:03:55,CAM-02,Zone de levage,13569683_0420.jpg,21,hors_perimetre,0,0.3255,0.5272,0.0596,0.1147,0.0,0.0,0.0,0.0
2026-08-19T14:30:16,CAM-03,Coffrage niveau 2,13569683_0435.jpg,3,surveillee,0,0.4691,0.6487,0.7027,0.8954,0.8587,0.1901,0.0,0.9886
2026-08-19T14:30:16,CAM-03,Coffrage niveau 2,13569683_0435.jpg,9,surveillee,0,0.7687,0.6206,0.7588,0.7694,0.9479,0.0,0.0,0.9795
2026-08-19T15:56:38,CAM-04,Aire de stockage,13569683_0450.jpg,2,surveillee,0,0.4222,0.6515,0.697,0.9155,0.9063,0.0,0.0,0.988
2026-08-19T15:56:38,CAM-04,Aire de stockage,13569683_0450.jpg,5,surveillee,0,0.8331,0.6308,0.7384,0.8604,0.9527,0.2791,0.0,0.9138
2026-08-19T17:22:59,CAM-01,Acces chantier,13569683_0465.jpg,6,surveillee,0,0.4075,0.6741,0.6508,0.8134,0.9369,0.0,0.0,0.9861
2026-08-19T17:22:59,CAM-01,Acces chantier,13569683_0465.jpg,8,surveillee,0,0.8557,0.6388,0.7218,0.788,0.9604,0.5675,0.0,0.8933
2026-08-20T07:49:20,CAM-02,Zone de levage,13569683_0480.jpg,2,surveillee,0,0.4367,0.6818,0.6364,0.8889,0.8861,0.0858,0.0,0.9452
2026-08-20T07:49:20,CAM-02,Zone de levage,13569683_0480.jpg,4,surveillee,0,0.8685,0.6441,0.7106,0.8687,0.907,0.4,0.0,0.6597
2026-08-20T09:15:42,CAM-03,Coffrage niveau 2,13569683_0495.jpg,0,surveillee,0,0.474,0.6856,0.6287,0.9584,0.9316,0.6833,0.0,0.9103
2026-08-20T09:15:42,CAM-03,Coffrage niveau 2,13569683_0495.jpg,7,surveillee,0,0.8904,0.669,0.6609,0.8343,0.9296,0.0,0.0,0.5841
2026-08-20T10:42:03,CAM-04,Aire de stockage,13569683_0510.jpg,0,surveillee,0,0.4516,0.6839,0.6317,0.9694,0.9476,0.7526,0.0,0.9405
2026-08-20T10:42:03,CAM-04,Aire de stockage,13569683_0510.jpg,8,surveillee,0,0.9126,0.6579,0.6818,0.8301,0.9098,0.0,0.0,0.0
2026-08-20T10:42:03,CAM-04,Aire de stockage,13569683_0510.jpg,13,hors_perimetre,0,0.9082,0.6243,0.0871,0.6158,0.0,0.0,0.0,0.0
2026-08-20T10:42:03,CAM-04,Aire de stockage,13569683_0510.jpg,16,hors_perimetre,0,0.3044,0.6114,0.1735,0.2239,0.0,0.0,0.0,0.0
2026-08-20T12:08:24,CAM-01,Acces chantier,13569683_0525.jpg,0,surveillee,1,0.4581,0.5372,0.9256,0.9007,0.0,0.0,0.0,0.0
2026-08-20T12:08:24,CAM-01,Acces chantier,13569683_0525.jpg,6,hors_perimetre,0,0.9111,0.6272,0.0831,0.7706,0.0,0.0,0.0,0.0
2026-08-20T12:08:24,CAM-01,Acces chantier,13569683_0525.jpg,9,surveillee,0,0.36,0.7007,0.5986,0.2696,0.8902,0.0,0.0,0.1254
2026-08-20T13:34:45,CAM-02,Zone de levage,13569683_0540.jpg,2,surveillee,0,0.4514,0.655,0.6901,0.903,0.8533,0.0,0.0,0.9585
2026-08-20T13:34:45,CAM-02,Zone de levage,13569683_0540.jpg,7,hors_perimetre,0,0.9125,0.6258,0.0826,0.697,0.0,0.0,0.0,0.0
2026-08-20T13:34:45,CAM-02,Zone de levage,13569683_0540.jpg,11,hors_perimetre,0,0.8627,0.6437,0.046,0.0813,0.0,0.0,0.0,0.0
2026-08-20T15:01:07,CAM-03,Coffrage niveau 2,13569683_0555.jpg,1,surveillee,1,0.257,0.7073,0.5854,0.9333,0.0,0.0,0.0,0.0
2026-08-20T15:01:07,CAM-03,Coffrage niveau 2,13569683_0555.jpg,8,hors_perimetre,0,0.9156,0.6279,0.0814,0.8078,0.0,0.0,0.0,0.0
2026-08-20T15:01:07,CAM-03,Coffrage niveau 2,13569683_0555.jpg,13,hors_perimetre,0,0.8642,0.6444,0.0489,0.2023,0.0,0.0,0.0,0.0
2026-08-20T15:01:07,CAM-03,Coffrage niveau 2,13569683_0555.jpg,14,hors_perimetre,0,0.8623,0.6423,0.0412,0.1472,0.0,0.0,0.0,0.0
2026-08-20T15:01:07,CAM-03,Coffrage niveau 2,13569683_0555.jpg,15,surveillee,0,0.3996,0.7076,0.5847,0.1367,0.9691,0.0,0.0,0.8928
2026-08-20T16:27:28,CAM-04,Aire de stockage,13569683_0570.jpg,1,surveillee,0,0.3477,0.696,0.6059,0.9582,0.9622,0.0,0.0,0.0
2026-08-20T16:27:28,CAM-04,Aire de stockage,13569683_0570.jpg,6,hors_perimetre,0,0.9182,0.6301,0.0814,0.8548,0.0,0.0,0.0,0.0
2026-08-20T16:27:28,CAM-04,Aire de stockage,13569683_0570.jpg,10,hors_perimetre,0,0.8645,0.6441,0.0436,0.2577,0.0,0.0,0.0,0.0
2026-08-20T16:27:28,CAM-04,Aire de stockage,13569683_0570.jpg,12,surveillee,1,0.3489,0.5603,0.8786,0.153,0.0,0.0,0.0,0.0
2026-08-20T16:27:28,CAM-04,Aire de stockage,13569683_0570.jpg,13,hors_perimetre,0,0.8676,0.6479,0.0506,0.127,0.0,0.0,0.0,0.0
2026-08-20T17:53:49,CAM-01,Acces chantier,13569683_0585.jpg,1,hors_perimetre,0,0.9192,0.6316,0.0844,0.8665,0.0,0.0,0.0,0.0
2026-08-20T17:53:49,CAM-01,Acces chantier,13569683_0585.jpg,4,hors_perimetre,0,0.8719,0.6483,0.0545,0.4731,0.0,0.0,0.0,0.0
2026-08-20T17:53:49,CAM-01,Acces chantier,13569683_0585.jpg,6,hors_perimetre,0,0.8671,0.645,0.0476,0.4308,0.0,0.0,0.0,0.0
2026-08-20T17:53:49,CAM-01,Acces chantier,13569683_0585.jpg,7,surveillee,1,0.2668,0.7058,0.5884,0.3742,0.0,0.0,0.0,0.0
2026-08-20T17:53:49,CAM-01,Acces chantier,13569683_0585.jpg,10,hors_perimetre,0,0.8668,0.6308,0.0232,0.1168,0.0,0.0,0.0,0.0
2026-08-20T17:53:49,CAM-01,Acces chantier,13569683_0585.jpg,11,surveillee,1,0.2669,0.8028,0.3943,0.1141,0.0,0.0,0.0,0.0
2026-08-21T08:20:11,CAM-02,Zone de levage,13569683_0600.jpg,0,hors_perimetre,0,0.9219,0.6344,0.0865,0.889,0.0,0.0,0.0,0.0
2026-08-21T08:20:11,CAM-02,Zone de levage,13569683_0600.jpg,1,hors_perimetre,0,0.8738,0.6489,0.0549,0.5231,0.0,0.0,0.0,0.0
2026-08-21T08:20:11,CAM-02,Zone de levage,13569683_0600.jpg,2,hors_perimetre,0,0.8698,0.634,0.0276,0.0769,0.0,0.0,0.0,0.0
2026-08-21T09:46:32,CAM-03,Coffrage niveau 2,13569683_0615.jpg,0,hors_perimetre,0,0.9243,0.6369,0.0859,0.8507,0.0,0.0,0.0,0.0
2026-08-21T09:46:32,CAM-03,Coffrage niveau 2,13569683_0615.jpg,1,hors_perimetre,0,0.8787,0.6514,0.0552,0.7195,0.0,0.0,0.0,0.0
2026-08-21T09:46:32,CAM-03,Coffrage niveau 2,13569683_0615.jpg,2,hors_perimetre,0,0.8824,0.6508,0.0555,0.1194,0.0,0.0,0.0,0.0
2026-08-21T09:46:32,CAM-03,Coffrage niveau 2,13569683_0615.jpg,3,hors_perimetre,0,0.9213,0.6406,0.0816,0.1136,0.0,0.0,0.0,0.0
2026-08-21T11:12:53,CAM-04,Aire de stockage,13569683_0630.jpg,0,hors_perimetre,0,0.9288,0.6376,0.0876,0.8453,0.0,0.0,0.0,0.0
2026-08-21T11:12:53,CAM-04,Aire de stockage,13569683_0630.jpg,1,hors_perimetre,0,0.8855,0.65,0.0571,0.6058,0.0,0.0,0.0,0.0
2026-08-21T11:12:53,CAM-04,Aire de stockage,13569683_0630.jpg,2,hors_perimetre,0,0.9282,0.6221,0.0572,0.1622,0.0,0.0,0.0,0.0
2026-08-21T12:39:15,CAM-01,Acces chantier,13569683_0645.jpg,0,hors_perimetre,0,0.9335,0.6383,0.0927,0.8859,0.0,0.0,0.0,0.0
2026-08-21T12:39:15,CAM-01,Acces chantier,13569683_0645.jpg,1,hors_perimetre,0,0.8952,0.6526,0.0583,0.7428,0.0,0.0,0.0,0.0
2026-08-21T14:05:36,CAM-02,Zone de levage,13569683_0660.jpg,0,hors_perimetre,0,0.9412,0.6386,0.0906,0.8651,0.0,0.0,0.0,0.0
2026-08-21T14:05:36,CAM-02,Zone de levage,13569683_0660.jpg,1,hors_perimetre,0,0.9044,0.6525,0.0635,0.822,0.0,0.0,0.0,0.0
2026-08-21T15:31:57,CAM-03,Coffrage niveau 2,13569683_0675.jpg,0,hors_perimetre,0,0.9152,0.6523,0.0656,0.8266,0.0,0.0,0.0,0.0
2026-08-21T15:31:57,CAM-03,Coffrage niveau 2,13569683_0675.jpg,1,hors_perimetre,0,0.9502,0.6383,0.0912,0.8188,0.0,0.0,0.0,0.0
2026-08-21T15:31:57,CAM-03,Coffrage niveau 2,13569683_0675.jpg,2,hors_perimetre,0,0.8358,0.6915,0.0569,0.1207,0.0,0.0,0.0,0.0
2026-08-21T16:58:19,CAM-04,Aire de stockage,13569683_0690.jpg,0,hors_perimetre,0,0.9615,0.6389,0.0967,0.8667,0.0,0.0,0.0,0.0
2026-08-21T16:58:19,CAM-04,Aire de stockage,13569683_0690.jpg,1,hors_perimetre,0,0.9285,0.6513,0.0691,0.855,0.0,0.0,0.0,0.0
2026-08-21T16:58:19,CAM-04,Aire de stockage,13569683_0690.jpg,3,hors_perimetre,0,0.6374,0.5763,0.0587,0.1212,0.0,0.0,0.0,0.0
2026-08-22T07:24:40,CAM-01,Acces chantier,13569683_0705.jpg,0,hors_perimetre,0,0.9717,0.6399,0.0982,0.8972,0.0,0.0,0.0,0.0
2026-08-22T07:24:40,CAM-01,Acces chantier,13569683_0705.jpg,1,hors_perimetre,0,0.9434,0.6514,0.0734,0.8457,0.0,0.0,0.0,0.0
2026-08-22T08:51:01,CAM-02,Zone de levage,13569683_0720.jpg,0,hors_perimetre,0,0.9826,0.6412,0.0975,0.8708,0.0,0.0,0.0,0.0
2026-08-22T08:51:01,CAM-02,Zone de levage,13569683_0720.jpg,1,hors_perimetre,0,0.9549,0.648,0.0847,0.8131,0.0,0.0,0.0,0.0
2026-08-22T08:51:01,CAM-02,Zone de levage,13569683_0720.jpg,3,hors_perimetre,0,0.9552,0.6196,0.0223,0.1815,0.0,0.0,0.0,0.0
2026-08-22T10:17:22,CAM-03,Coffrage niveau 2,13569683_0735.jpg,0,hors_perimetre,0,0.9655,0.6457,0.095,0.8482,0.0,0.0,0.0,0.0
2026-08-22T10:17:22,CAM-03,Coffrage niveau 2,13569683_0735.jpg,1,hors_perimetre,0,0.9929,0.6451,0.1014,0.7807,0.0,0.0,0.0,0.0
2026-08-22T10:17:22,CAM-03,Coffrage niveau 2,13569683_0735.jpg,2,hors_perimetre,0,0.9926,0.6254,0.0625,0.2072,0.0,0.0,0.0,0.0
2026-08-22T11:43:44,CAM-04,Aire de stockage,13569683_0750.jpg,0,hors_perimetre,0,0.976,0.648,0.0957,0.9064,0.0,0.0,0.0,0.0
2026-08-22T13:10:05,CAM-01,Acces chantier,13569683_0765.jpg,0,hors_perimetre,0,0.988,0.6488,0.1,0.9055,0.0,0.0,0.0,0.0
2026-08-22T14:36:26,CAM-02,Zone de levage,13569683_0780.jpg,0,hors_perimetre,0,0.9949,0.6527,0.1112,0.5251,0.0,0.0,0.0,0.0
2026-08-22T14:36:26,CAM-02,Zone de levage,13569683_0780.jpg,1,hors_perimetre,0,0.9929,0.6497,0.1068,0.0912,0.0,0.0,0.0,0.0
2026-08-23T13:40:56,CAM-01,Acces chantier,13569683_0885.jpg,0,hors_perimetre,0,0.8703,0.6669,0.0272,0.0739,0.0,0.0,0.0,0.0
